-- phpMyAdmin SQL Dump
-- version 5.2.1
-- https://www.phpmyadmin.net/
--
-- Servidor: 127.0.0.1
-- Tiempo de generación: 08-11-2025 a las 23:31:39
-- Versión del servidor: 10.4.32-MariaDB
-- Versión de PHP: 8.2.12

SET SQL_MODE = "NO_AUTO_VALUE_ON_ZERO";
START TRANSACTION;
SET time_zone = "+00:00";


/*!40101 SET @OLD_CHARACTER_SET_CLIENT=@@CHARACTER_SET_CLIENT */;
/*!40101 SET @OLD_CHARACTER_SET_RESULTS=@@CHARACTER_SET_RESULTS */;
/*!40101 SET @OLD_COLLATION_CONNECTION=@@COLLATION_CONNECTION */;
/*!40101 SET NAMES utf8mb4 */;

--
-- Base de datos: `qualisoft_ai`
--

-- --------------------------------------------------------

--
-- Estructura de tabla para la tabla `cache`
--

CREATE TABLE `cache` (
  `key` varchar(255) NOT NULL,
  `value` mediumtext NOT NULL,
  `expiration` int(11) NOT NULL
) ENGINE=InnoDB DEFAULT CHARSET=utf8mb4 COLLATE=utf8mb4_unicode_ci;

-- --------------------------------------------------------

--
-- Estructura de tabla para la tabla `cache_locks`
--

CREATE TABLE `cache_locks` (
  `key` varchar(255) NOT NULL,
  `owner` varchar(255) NOT NULL,
  `expiration` int(11) NOT NULL
) ENGINE=InnoDB DEFAULT CHARSET=utf8mb4 COLLATE=utf8mb4_unicode_ci;

-- --------------------------------------------------------

--
-- Estructura de tabla para la tabla `chat_histories`
--

CREATE TABLE `chat_histories` (
  `id` bigint(20) UNSIGNED NOT NULL,
  `session_id` varchar(255) NOT NULL,
  `user_message` text NOT NULL,
  `ai_reply` text DEFAULT NULL,
  `created_at` timestamp NULL DEFAULT NULL,
  `updated_at` timestamp NULL DEFAULT NULL
) ENGINE=InnoDB DEFAULT CHARSET=utf8mb4 COLLATE=utf8mb4_unicode_ci;

--
-- Volcado de datos para la tabla `chat_histories`
--

INSERT INTO `chat_histories` (`id`, `session_id`, `user_message`, `ai_reply`, `created_at`, `updated_at`) VALUES
(1, 'kEBTYX993OMnFtGUqktPgRH699UpmMeyExZvY3mR', 'explica que es la funcionalidad', 'La funcionalidad, en el contexto de la calidad del software según la norma ISO/IEC 25010, se refiere a el conjunto de características que un software debe poseer para cumplir con los requisitos y necesidades de los usuarios. Es uno de los atributos de calidad más importantes, ya que refleja la capacidad del software para realizar las funciones esperadas y satisfacer las expectativas del usuario.\n\nLa funcionalidad se puede descomponer en varios subatributos, que incluyen:\n\n1. **Adecuación**: Se refiere a la capacidad del software para proporcionar funciones que son necesarias para cumplir con los requisitos específicos del usuario.\n\n2. **Exactitud**: Mide el grado en que el software proporciona resultados correctos y precisos en relación con las funciones que realiza.\n\n3. **Interoperabilidad**: Es la capacidad del software para interactuar y funcionar con otros sistemas o componentes, permitiendo la comunicación y el intercambio de datos.\n\n4. **Seguridad**: Se refiere a la capacidad del software para proteger la información y los datos contra accesos no autorizados, así como la capacidad de mantener la integridad y confidencialidad de la información.\n\n5. **Cumplimiento**: Indica que el software se adhiere a estándares, regulaciones y políticas relevantes que son aplicables a su contexto de uso.\n\nEn resumen, la funcionalidad es un aspecto crítico de la calidad del software, ya que determina en gran medida la satisfacción del usuario y el éxito de la aplicación en su entorno operativo. Una buena funcionalidad implica que el software no solo realiza las tareas que se le asignan, sino que también lo hace de manera precisa, segura y en colaboración con otros sistemas cuando sea necesario.', '2025-10-27 08:08:05', '2025-10-27 08:08:05'),
(2, 'd0hFDEFR3jhakjw3GFjq17qsX9IYUOVVmc9Y2snH', 'podrias indicarme si puedes contestar otras preguntas diferentes a calidad de software', 'No se recibió respuesta.', '2025-10-27 21:32:10', '2025-10-27 21:32:10'),
(3, 'd0hFDEFR3jhakjw3GFjq17qsX9IYUOVVmc9Y2snH', 'verificar la funcionalidad que es?', 'No se recibió respuesta.', '2025-10-27 21:37:42', '2025-10-27 21:37:42'),
(4, 'd0hFDEFR3jhakjw3GFjq17qsX9IYUOVVmc9Y2snH', 'verificar la usabilidad', 'No se recibió respuesta.', '2025-10-27 21:38:11', '2025-10-27 21:38:11'),
(5, 'mLwRxUKYOsQR7ONi8x1H5Ud8lafZOvA7L9NeuS6V', 'norma ISO 25010 cuales son las metricas', 'No se recibió respuesta.', '2025-10-27 21:49:46', '2025-10-27 21:49:46'),
(6, 'mLwRxUKYOsQR7ONi8x1H5Ud8lafZOvA7L9NeuS6V', 'norma iso 25010 metricas, cuales son ?', 'La norma ISO/IEC 25010 establece un modelo de calidad para los productos de software, definiendo múltiples características y subcaracterísticas que permiten evaluar y medir la calidad del software de manera precisa. A continuación, se presentan las métricas asociadas a cada una de las características de calidad definidas en esta norma:\n\n### 1. **Adecuación Funcional**\n- **Métricas:**\n  - Cobertura de requisitos.\n  - Cantidad de funciones implementadas en comparación con requisitos especificados.\n  - Frecuencia de errores en funcionalidades clave.\n\n### 2. **Eficiencia**\n- **Métricas:**\n  - Tiempo de respuesta (latencia).\n  - Utilización de recursos (CPU, memoria, disco).\n  - Contar con medidas de rendimiento bajo carga.\n\n### 3. **Usabilidad**\n- **Métricas:**\n  - Tasa de éxito en tareas (ejem.: finalización de tareas sin errores).\n  - Tiempo de aprendizaje (capacidad de nuevos usuarios para navegar eficientemente).\n  - Índices de satisfacción del usuario (encuestas o entrevistas).\n\n### 4. **Confiabilidad**\n- **Métricas:**\n  - Tasa de fallos (frecuencia de errores).\n  - MTBF (Mean Time Between Failures, Tiempo Medio Entre Fallos).\n  - Tasa de recuperabilidad (capacidad para restaurar tras fallos).\n\n### 5. **Seguridad**\n- **Métricas:**\n  - Número de incidentes de seguridad.\n  - Tiempos de respuesta a incidentes de seguridad.\n  - Cumplimiento con estándares de seguridad aplicables.\n\n### 6. **Mantenibilidad**\n- **Métricas:**\n  - Coste promedio por cambio.\n  - Tiempo promedio para corregir defectos.\n  - Medidas de complejidad del código (por ejemplo: métricas como el índice de complejidad ciclomática).\n\n### 7. **Portabilidad**\n- **Métricas:**\n  - Tiempo requerido para la adaptación del software a un nuevo entorno.\n  - Número de entornos compatibles.\n  - Complejidad del proceso de instalación.\n\n### 8. **Interoperabilidad**\n- **Métricas:**\n  - Número de interfaces con otros sistemas.\n  - Tiempos de respuesta en la transferencia de datos entre sistemas.\n  - Porcentaje de cumplimiento con estándares de interoperabilidad.\n\n### Conclusiones\nLa implementación de métricas de calidad conforme a la norma ISO/IEC 25010 permite a las organizaciones tener un enfoque analítico hacia la mejora constante de sus productos de software, facilitando la detección de áreas de mejora y optimizando la experiencia del usuario.', '2025-10-27 23:03:09', '2025-10-27 23:03:09'),
(7, 'mLwRxUKYOsQR7ONi8x1H5Ud8lafZOvA7L9NeuS6V', 'puedes responder sobre otras normas iso diferente a la 25010?', 'Como asistente especializado en la norma ISO/IEC 25010, mi expertise se centra en los aspectos de calidad del software definidos en dicha norma. Sin embargo, puedo ofrecerte un resumen general de otras normas ISO relevantes en el ámbito de la calidad y gestión de proyectos. A continuación, presento algunas de ellas:\n\n### 1. **ISO 9001:2015 - Sistema de Gestión de la Calidad**\n   - **Objetivo**: Proveer un marco para garantizar que los productos y servicios cumplan con las expectativas del cliente y los requisitos regulatorios aplicables.\n   - **Principales Elementos**:\n     - Enfoque al cliente.\n     - Liderazgo.\n     - Participación del personal.\n     - Enfoque basado en procesos.\n     - Mejora continua.\n\n### 2. **ISO/IEC 27001:2013 - Sistemas de Gestión de Seguridad de la Información**\n   - **Objetivo**: Establecer, implementar, mantener y mejorar de forma continua un sistema de gestión de seguridad de la información (SGSI).\n   - **Principales Elementos**:\n     - Evaluación de riesgos.\n     - Controles de seguridad.\n     - Compromisos de gestión.\n     - Mejora constante de la seguridad de la información.\n\n### 3. **ISO/IEC 12207 - Procesos del Ciclo de Vida del Software**\n   - **Objetivo**: Proveer un marco para los procesos que cubren todo el ciclo de vida del software, desde la concepción hasta la retirada.\n   - **Principales Elementos**:\n     - Procesos de desarrollo.\n     - Procesos de soporte.\n     - Procesos de gestión.\n\n### 4. **ISO/IEC 25012 - Data Quality Model**\n   - **Objetivo**: Definir un modelo de calidad de los datos que puede ser utilizado en el software y sistemas de información.\n   - **Principales Elementos**:\n     - Características de calidad de los datos como precisión, completitud, y consistencia.\n\n### 5. **ISO 31000 - Gestión de Riesgos**\n   - **Objetivo**: Proveer directrices sobre la gestión de riesgos que pueden ayudar a organizaciones a mejorar la toma de decisiones y la planificación.\n   - **Principales Elementos**:\n     - Principios del manejo de riesgos.\n     - Marco de gestión del riesgo.\n     - Proceso de gestión del riesgo.\n\n### Conclusión\nCada una de estas normas tiene su propio enfoque y aplicaciones específicas, pero todas comparten el objetivo común de mejorar la calidad, la gestión y la seguridad de los procesos en diversas organizaciones. Si necesitas información más específica sobre alguna de estas normas o su aplicación en el contexto del software, no dudes en consultarme.', '2025-10-27 23:22:48', '2025-10-27 23:22:48'),
(8, 'mLwRxUKYOsQR7ONi8x1H5Ud8lafZOvA7L9NeuS6V', 'tienes las metricas de la iso 25010', 'La norma ISO/IEC 25010 define un modelo de calidad que evalúa la calidad de un producto de software en términos de varias características y subcaracterísticas. Estas características están organizadas en dos categorías principales: **calidad intrínseca** y **calidad en uso**. A continuación, se describen cada una de las características y sus subcaracterísticas:\n\n### 1. Calidad Intrínseca\n\n#### 1.1 Funcionalidad\n- **Adecuación**: Grado en que el software proporciona funciones que satisfacen las necesidades explícitas e implícitas de los usuarios.\n- **Exactitud**: Capacidad del software para proporcionar resultados correctos y apropiados en condiciones específicas.\n- **Interoperabilidad**: Capacidad del software para interactuar con otros sistemas.\n- **Conformidad**: Grado en que el software cumple con normas, especificaciones o regulaciones.\n- **Seguridad**: Protección contra acceso no autorizado, alteración y destrucción.\n\n#### 1.2 Rendimiento\n- **Eficiencia**: Uso adecuado de recursos en relación con el rendimiento, como la velocidad y el tiempo de respuesta.\n- **Capacidad**: Cantidad de trabajo que el software puede manejar en condiciones específicas.\n\n#### 1.3 Compatibilidad\n- **Coexistencia**: Capacidad del software para operar en conjunto con otros productos en un entorno compartido.\n- **Sustitución**: Capacidad de substituir otros componentes o sistemas sin impactar negativamente sobre su funcionalidad.\n\n#### 1.4 Usabilidad\n- **Comprensibilidad**: Facilidad con la que los usuarios pueden entender cómo se usa el software.\n- **Aprendizaje**: Facilidad con la que los nuevos usuarios pueden aprender a usar el software.\n- **Operabilidad**: Grado en que se proporcionan características que facilitan su uso.\n- **Atracción**: Grado en que el software es atractivo visualmente y agradable de usar.\n\n#### 1.5 Fiabilidad\n- **Madurez**: Capacidad del software de evitar fallos.\n- **Tolerancia a fallos**: Capacidad de un sistema para mantener su funcionamiento incluso ante fallos.\n- **Recuperabilidad**: Capacidad del software para recuperar y restaurar los servicios después de una falla.\n\n#### 1.6 Mantenibilidad\n- **Análisis**: Facilidad con la que se puede analizar el software para detectar problemas.\n- **Modificabilidad**: Facilidad con la que se pueden realizar cambios en el software.\n- **Estabilidad**: Capacidad del software para mantenerse estable después de un cambio.\n- **Testabilidad**: Facilidad con la que se puede probar el software.\n\n#### 1.7 Portabilidad\n- **Adaptabilidad**: Facilidad con la que el software puede ser transferido a diferentes entornos.\n- **Instalabilidad**: Facilidad con la que el software puede ser instalado y configurado.\n- **Conformidad**: Ubicación en la que el software puede ser ejecutado en diferentes plataformas.\n- **Reemplazabilidad**: Capacidad de ser reemplazado por otro producto sin impactar su funcionalidad.\n\n### 2. Calidad en Uso\n\n#### 2.1 Efectividad\n- Grado en que los usuarios consiguen sus objetivos utilizando el software.\n\n#### 2.2 Eficiencia\n- Relación entre el nivel de efectividad y los recursos utilizados.\n\n#### 2.3 Satisfacción\n- Grado en que el software cumple con las expectativas y necesidades del usuario.\n\n#### 2.4 Seguridad\n- Grado en que el software protege la información y a los usuarios de accesos no autorizados y problemas relacionados.\n\n### Conclusiones\nLa implementación de las métricas de la norma ISO/IEC 25010 permite evaluar y mejorar continuamente la calidad del software, asegurando que cumpla con las necesidades del usuario y los estándares de la industria. La evaluación sistemática de estas características y subcaracterísticas contribuye a un desarrollo de software más eficiente y efectivo.', '2025-10-27 23:39:35', '2025-10-27 23:39:35'),
(9, 'GAnzxMsjsRYnKCvzbo5Xh0Oo4KCCL23bTGCEB48y', 'que metricas tiene la iso/iec 25023', '## Métricas de la norma ISO/IEC 25023\n\nLa norma ISO/IEC 25023 proporciona un marco para evaluar la calidad de un producto de software utilizando métricas específicas. Estas métricas pueden clasificarse en varias categorías según las características de calidad que evalúan. A continuación, se presentan las métricas más destacadas conforme a dicha norma:\n\n### 1. **Métricas de Calidad Funcional**\n- **Completitud**: Mide el grado en que los requisitos funcionales del producto están implementados.\n- **Corrección**: Evalúa si el software cumple con las especificaciones y produce los resultados esperados.\n\n### 2. **Métricas de Calidad no Funcional**\n#### a. **Desempeño**\n- **Tiempo de respuesta**: Mide el tiempo que tarda el sistema en responder a una solicitud del usuario.\n- **Uso de recursos**: Evalúa la eficiencia del software en el uso de recursos del sistema (CPU, memoria).\n\n#### b. **Compatibilidad**\n- **Interoperabilidad**: Mide la capacidad del software para interaccionar con otros sistemas o productos.\n- **Coexistencia**: Evalúa cómo se desempeña el software en un entorno donde coexisten otros productos.\n\n#### c. **Usabilidad**\n- **Facilidad de uso**: Mide qué tan fácil es para los usuarios entender y operar el software.\n- **Atractivo**: Evalúa la satisfacción subjetiva de los usuarios al interactuar con el software.\n\n#### d. **Mantenibilidad**\n- **Analizabilidad**: Mide la capacidad de identificar y evaluar los cambios en el software.\n- **Modificabilidad**: Evalúa lo fácil que es modificar el software para corregir errores o adaptarlo a nuevos requisitos.\n\n#### e. **Portabilidad**\n- **Adaptabilidad**: Mide cuánto se puede adaptar el software a diferentes entornos sin cambiarlo significativamente.\n\n### Tabla de Métricas ISO/IEC 25023\n\n| Categoría         | Métrica                   | Descripción                                       |\n|-------------------|---------------------------|---------------------------------------------------|\n| Calidad Funcional | Completitud               | Grado de cumplimiento de los requisitos funcionales |\n|                   | Corrección                | Cumple especificaciones y produce resultados esperados |\n| Desempeño         | Tiempo de respuesta        | Tiempo para responder a solicitudes del usuario   |\n|                   | Uso de recursos           | Eficiencia en el uso de hardware y software       |\n| Compatibilidad    | Interoperabilidad         | Capacidad de interaccionar con otros sistemas     |\n|                   | Coexistencia              | Desempeño en entornos de productos coexistentes   |\n| Usabilidad        | Facilidad de uso          | Facilidad para los usuarios en entender el software |\n|                   | Atractivo                 | Satisfacción subjetiva de los usuarios            |\n| Mantenibilidad    | Analizabilidad            | Capacidad de identificar y evaluar cambios        |\n|                   | Modificabilidad           | Facilidad de modificar el software                 |\n| Portabilidad      | Adaptabilidad             | Posibilidad de adaptar a diferentes entornos      |\n\n## Conclusión\n\nEstos son algunos de los aspectos clave que incorpora la norma ISO/IEC 25023 en la evaluación de la calidad del software. La utilización de estas métricas permite tener una visión objetiva y cuantificable de la calidad del producto, lo que facilita la gestión de la calidad en cada etapa del ciclo de vida del software. Si deseas que analice un fragmento de código en específico, por favor proporciónalo y procederé con la evaluación cualitativa y cuantitativa, según corresponda.', '2025-10-28 01:00:14', '2025-10-28 01:00:14'),
(10, 'FNLrUWxdjuUsg5moKbIWPYT9809MDdajvgiBR8Yg', 'normas iso 02010', 'Entiendo que te gustaría analizar un fragmento de código conforme a las normas ISO/IEC 25010 y ISO/IEC 25023. Sin embargo, antes de proceder, aclaro que no puedo realizar un análisis técnico profundo sin conocer el código específico al que te refieres.  \n\n### Normas ISO/IEC 25010 y ISO/IEC 25023\n\n1. **ISO/IEC 25010**: Se centra en los modelos de calidad del producto de software y define ocho características principales:\n   - **Funcionalidad**: Grado en que un producto satisface requisitos explícitos e implícitos.\n   - **Fiabilidad**: Capacidad del software para mantener su nivel de desempeño bajo condiciones específicas.\n   - **Usabilidad**: Facilidad con la que los usuarios pueden utilizar el software.\n   - **Eficiencia**: Uso de recursos en relación con la efectividad y eficiencia del rendimiento.\n   - **Mantenibilidad**: Facilidad para modificar el software para corregir defectos, mejorar rendimiento o adaptarlo a un entorno.\n   - **Portabilidad**: Facilidad para transferir el software de un ambiente a otro.\n   - **Seguridad**: Protección contra acceso no autorizado, daño y pérdida de datos.\n   - **Compatibilidad**: Capacidad de coexistir con otros productos.\n\n2. **ISO/IEC 25023**: Proporciona un marco de evaluación de calidad para medir las características mencionadas en la norma ISO/IEC 25010, estableciendo métricas y métodos.\n\n### Pasos para el Análisis\n\nSi deseas que analice un fragmento de código específico, por favor, compártelo y puedo ayudarte a identificar cómo se relaciona con estas normas y qué áreas puedes considerar mejorar o evaluar conforme a las características de calidad mencionadas.\n\nEspero tu fragmento de código o más detalles para proceder. ¡Estoy aquí para ayudarte!', '2025-10-28 23:35:07', '2025-10-28 23:35:07'),
(11, 'Y3xrGzthIefmtXiwoSgtt7823Z8IFNopi31VnysL', 'cuales son los items de la norma iso 25023', 'La norma ISO/IEC 25023 está relacionada con las mediciones de la calidad del software. Esta norma proporciona directrices y métricas para evaluar cuantitativamente las características de calidad del producto de software. A continuación, te presento los ítems que se contemplan en esta norma, agrupados en las siguientes características:\n\n### 1. **Funcionalidad**\n   - *Adecuación funcional*: ¿El software cumple con los requisitos específicos?\n   - *Exactitud funcional*: ¿Las funciones realizan los resultados correctos?\n   - *Interoperabilidad*: ¿El software puede interactuar con otros sistemas?\n\n### 2. **Fiabilidad**\n   - *Madurez*: ¿Qué tan frecuente es que falle el software?\n   - *Tolerancia a fallos*: ¿Puede el software continuar operando frente a fallos?\n   - *Recuperabilidad*: ¿Qué tan fácil es restaurar el software después de una falla?\n\n### 3. **Usabilidad**\n   - *Comprensibilidad*: ¿Es fácil entender el software?\n   - *Aprendizaje*: ¿Es sencillo aprender a usar el software?\n   - *Operatividad*: ¿Es fácil operar el software una vez que se ha aprendido?\n\n### 4. **Eficiencia**\n   - *Comportamiento en tiempo*: ¿El software responde en un tiempo aceptable?\n   - *Utilización de recursos*: ¿El software usa los recursos de manera eficiente?\n\n### 5. **Mantenibilidad**\n   - *Analizabilidad*: ¿Es fácil entender el código para realizar cambios?\n   - *Modificabilidad*: ¿Con qué facilidad se pueden hacer cambios al software?\n   - *Estabilidad*: ¿El software se comporta de manera predecible tras los cambios?\n\n### 6. **Portabilidad**\n   - *Adaptabilidad*: ¿Qué tan fácil es adaptar el software a cambios en el entorno?\n   - *Instalabilidad*: ¿Es fácil instalar el software en diferentes entornos?\n   - *Conformidad*: ¿El software cumple con estándares y regulaciones relevantes?\n\n### 7. **Seguridad**\n   - *Confidencialidad*: ¿Cómo se protege la información sensible?\n   - *Integridad*: ¿Se protegen los datos contra alteraciones no autorizadas?\n   - *Disponibilidad*: ¿Está garantizada la disponibilidad del software cuando se necesite?\n\nCada característica se divide en subcaracterísticas que se pueden medir y evaluar, facilitando un enfoque estructurado para la medición de la calidad del software. Si necesitas más información sobre algún aspecto específico de la norma o tienes otra consulta, no dudes en decírmelo.', '2025-10-29 00:38:23', '2025-10-29 00:38:23'),
(12, 'JdcUEWBbTWH3PSYpASB6jPfgFMk9qrcASo7g1TzX', 'que otras normas de calidad puedes indicarme?', 'Claro, puedo proporcionarte una visión general de las normas ISO/IEC 25010 y ISO/IEC 25023, así como otras normas relevantes en el ámbito de la calidad del software. Sin embargo, no puedo analizar fragmentos de código específicos a menos que me proporciones el contexto y los aspectos que deseas evaluar.\n\n### ISO/IEC 25010\nEsta norma define el modelo de calidad del producto de software y se compone de características y subcaracterísticas, que incluyen:\n\n1. **Funcionalidad**: Capacidad del software para proporcionar las funciones requeridas.\n   - **Adecuación**\n   - **Exactitud**\n   - **Interoperabilidad**\n   - **Cumplimiento de normas**\n   - **Seguridad**\n\n2. **Fiabilidad**: Capacidad del software para mantener su nivel de rendimiento bajo condiciones específicas.\n   - **Madurez**\n   - **Tolerancia a fallos**\n   - **Recuperabilidad**\n\n3. **Usabilidad**: Facilidad con la que los usuarios pueden usar el software.\n   - **Comprensibilidad**\n   - **Aprendizaje**\n   - **Operabilidad**\n   - **Atractivo**\n\n4. **Eficiencia**: Relación entre el rendimiento del software y la cantidad de recursos utilizados.\n   - **Comportamiento en tiempo**\n   - **Utilización de recursos**\n\n5. **Mantenibilidad**: Facilidad con la que se pueden modificar y mantener el software.\n   - **Análisis**\n   - **Modificabilidad**\n   - **Estabilidad**\n   - **Pruebas**\n\n6. **Portabilidad**: Capacidad del software para ser transferido de un entorno a otro.\n   - **Adaptabilidad**\n   - **Instalabilidad**\n   - **Conformidad**\n\n### ISO/IEC 25023\nEsta norma se centra en la medición de la calidad del software y proporciona un marco para determinar métricas específicas que apoyen la evaluación de las características del software definidas en ISO/IEC 25010.\n\n### Otras normas de calidad de software\nAdemás de las normas mencionadas, existen otras que también son relevantes:\n\n1. **CMMI (Capability Maturity Model Integration)**: Enfocada en la mejora de procesos.\n2. **ISO/IEC 90003**: Directrices para la aplicación de la norma ISO 9001 en el desarrollo de software.\n3. **ISO/IEC 12207**: Define un ciclo de vida del software y procesos asociados.\n4. **IEEE 829**: Estándar para la documentación de pruebas de software.\n\nSi tienes un fragmento de código que te gustaría evaluar en función de estas normas, por favor compártelo y dime qué aspectos específicos te gustaría analizar.', '2025-10-29 12:49:22', '2025-10-29 12:49:22'),
(13, 'tcYTWPVWFfmIeYD5YAiCs7IzEbwtxEKK6cqKKHiJ', 'tienes forma de analisis  de este codigo fuente, o que recomendaciones puedes hacer?', '¡Claro! Aunque no puedo analizar el código fuente en sí, puedo brindarte una guía sobre cómo evaluar el código conforme a las normas ISO/IEC 25010 y ISO/IEC 25023, así como recomendaciones generales.\n\n### Normas ISO/IEC 25010 y ISO/IEC 25023\n\n1. **ISO/IEC 25010** - Modelos de calidad:\n   - Esta norma define las características y subcaracterísticas de calidad del software, que puedes utilizar como criterio para evaluar el fragmento de código.\n   - **Características principales**:\n     - **Funcionalidad**: ¿Cumple el código con los requisitos funcionales?\n     - **Confiabilidad**: ¿Es el código robusto y tolerante a fallos?\n     - **Usabilidad**: ¿Es fácil de entender, usar y modificar?\n     - **Eficiencia**: ¿El código utiliza adecuadamente los recursos?\n     - **Mantenibilidad**: ¿Es fácil de mantener y actualizar?\n     - **Portabilidad**: ¿El código puede ejecutarse en diferentes entornos?\n\n2. **ISO/IEC 25023** - Medición de calidad:\n   - Esta norma proporciona directrices sobre cómo medir las características definidas en la norma anterior.\n   - Por ejemplo, para medir la **eficiencia**, puedes evaluar el tiempo de ejecución y el uso de memoria; para la **confiabilidad**, puedes analizar los reportes de errores.\n\n### Recomendaciones Generales\n\n1. **Revisión del Código**:\n   - Asegúrate de que el código esté documentado: comentarios claros y documentación externa.\n   - Evalúa las convenciones de nombres para las variables, funciones y clases.\n\n2. **Pruebas**:\n   - Realiza pruebas unitarias y de integración para verificar la funcionalidad y confiabilidad.\n   - Implementa pruebas de carga para medir la eficiencia y escalabilidad del código.\n\n3. **Refactorización**:\n   - Si el código es difícil de entender o de modificar, considera refactorizarlo para mejorar su mantenibilidad.\n   - Asegúrate de que la refactorización no afecte la funcionalidad.\n\n4. **Herramientas de Análisis**:\n   - Utiliza herramientas de análisis estático y dinámico para identificar problemas de calidad.\n   - Herramientas como SonarQube o ESLint pueden proporcionar métricas de calidad y sugerencias para mejorar.\n\n5. **Inclusión de Revisiones por Pares**:\n   - Fomenta la revisión por pares para obtener diferentes perspectivas sobre la calidad del código y detectar posibles problemas.\n\n### Conclusión\n\nSi tienes aspectos específicos del código que deseas evaluar con más detalle, no dudes en mencionarlos y puedo ayudarte a determinar cómo podrían alinearse con las normas ISO/IEC de calidad. Recuerda que el proceso de evaluación y mejora es continuo, y cada paso cuenta hacia una mejor calidad de software.', '2025-10-29 23:41:34', '2025-10-29 23:41:34'),
(14, 'msIVns0L1nqbtTzutUR7AHeQdQ7lCQ3NrXqtH5un', 'dime cuales son las metricas de la iso 25023', 'La norma ISO/IEC 25023 se enfoca en las métricas de calidad para el software, específicamente en lo que se refiere a productos de software. Proporciona un marco para medir varias características de calidad. A continuación se enumeran las métricas clave incluidas en esta norma:\n\n### 1. **Características de Calidad**\nLas métricas de ISO/IEC 25023 están asociadas a las características de calidad definidas en ISO/IEC 25010. Estas características se dividen generalmente en dos categorías: \n\n- **Características Internas**: Se refiere a la calidad del software desde una perspectiva interna (su diseño, su código, etc.).\n- **Características Externas**: Se refiere a la calidad del software desde la perspectiva del usuario, es decir, cómo satisface sus necesidades y expectativas.\n\n### 2. **Métricas de Calidad Específicas**\nAlgunas de las métricas específicas que se pueden encontrar en ISO/IEC 25023 son:\n\n- **Eficiencia**: \n  - Uso de recursos (recursos consumidos por el sistema en relación a su capacidad).\n  \n- **Fiabilidad**:\n  - Tasa de fallos (número de fallos durante un periodo específico).\n  - Tiempo medio entre fallos (MTBF).\n\n- **Uso**:\n  - Tasa de aceptación (número de usuarios que utilizan el sistema versus el número total de usuarios).\n\n- **Mantenibilidad**:\n  - Tasa de mantenimiento (esfuerzo y tiempo necesarios para corregir errores o hacer cambios).\n\n- **Portabilidad**:\n  - Tiempo de adaptación (tiempo necesario para adaptar el software a un nuevo entorno).\n\n### 3. **Ejemplo de Métricas**\n- **Complejidad del Código**: Se puede medir usando métricas como la complejidad ciclomática, que indica el número de caminos independientes a través del código.\n- **Cobertura de Pruebas**: Proporción del código probado en relación al total del código que debería ser probado.\n\n### Conclusión\nLas métricas de ISO/IEC 25023 son herramientas críticas para evaluar la calidad del software en términos de cómo cumple con las expectativas de los usuarios y las especificaciones técnicas. Al implementar estas métricas, se puede mejorar no solo la calidad del producto final, sino también la satisfacción del cliente. Si necesitas un análisis más detallado de una métrica específica o cómo aplicarla, no dudes en preguntar.', '2025-10-30 01:28:18', '2025-10-30 01:28:18'),
(15, '3gqUcfmot6vziZXDCpTPvX04T0A44aW7psNRANvc', '¿Qué tan efectiva es la implementación de los modelos de calidad ISO/IEC 25010 y 25023 en la evaluación de software en empresas de desarrollo tecnológico en Colombia?', 'Para analizar la efectividad de la implementación de los modelos de calidad ISO/IEC 25010 y ISO/IEC 25023 en empresas de desarrollo tecnológico en Colombia, es útil considerar varios factores y aspectos relevantes:\n\n### ISO/IEC 25010 e ISO/IEC 25023 \n\n1. **ISO/IEC 25010**:\n   - **Modelo de Calidad**: Define un modelo de calidad que incluye características como:\n     - **Funcionalidad**\n     - **Fiabilidad**\n     - **Usabilidad**\n     - **Eficiencia**\n     - **Mantenibilidad**\n     - **Portabilidad**\n   - **Subcaracterísticas**: Cada característica dispone de subcaracterísticas que permiten un análisis más detallado.\n\n2. **ISO/IEC 25023**:\n   - **Medición de la Calidad**: Proporciona directrices sobre cómo medir las características de calidad definidas en ISO/IEC 25010, estableciendo indicadores y métricas específicas.\n\n### Evaluación de la efectividad en empresas de desarrollo tecnológico en Colombia\n\n1. **Adopción de Normas**:\n   - La adopción de estas normas puede variar entre las empresas, dependiendo de su tamaño, enfoque en calidad, y cultura organizacional.\n\n2. **Beneficios observados**:\n   - **Mejorar la Calidad del Software**: Las empresas que implementan estas normas tienden a mejorar la calidad de sus productos, mostrando menos defectos y aumentando la satisfacción del cliente.\n   - **Estandarización de Procesos**: La norma proporciona un marco que ayuda a estandarizar procesos de desarrollo y evaluación.\n   \n3. **Desafíos**:\n   - **Formación y Recursos**: Algunas empresas pueden enfrentar dificultades en la capacitación del personal y la asignación de recursos necesarios para implementar estas normas.\n   - **Adaptación a Contexto Local**: Deben adaptarse las métricas y procedimientos a las particularidades del mercado colombiano.\n\n4. **Estudios y Reportes**:\n   - Sería beneficioso revisar estudios de caso o reportes de organizaciones locales que hayan implementado estas normas. Esto puede ofrecer datos sobre el impacto real en la productividad y calidad.\n\n### Conclusión\n\nLa implementación de los modelos de calidad ISO/IEC 25010 y ISO/IEC 25023 en empresas de desarrollo tecnológico en Colombia tiene el potencial de ser altamente efectiva, contribuyendo a la mejora de la calidad del software. Sin embargo, su éxito depende de varios factores, como la capacitación, la cultura organizacional, y la capacidad de las empresas para adaptar y adoptar estas normas a su contexto específico. \n\nSi necesitas más información o detalles sobre alguna norma en particular, ¡estaré encantado de ayudarte!', '2025-11-05 03:11:46', '2025-11-05 03:11:46'),
(16, 'SJCRgJJbys3ralagU5AMdZGiEqCohQRnoWAh2VA6', 'podrias indicarme las operaciones que se realizan para cuantificar la calidad del software en la ISO 25023', 'Por supuesto. La norma ISO/IEC 25023 proporciona un marco para la medición de la calidad del software, especificando las operaciones que se pueden realizar para cuantificar ciertos aspectos de la calidad. Aquí tienes una estructura general de las operaciones:\n\n### 1. **Definición de las características de calidad**\n   - La norma se centra en las características de calidad que se derivan de la norma ISO/IEC 25010, las cuales incluyen:\n     - Funcionalidad\n     - Fiabilidad\n     - Usabilidad\n     - Eficiencia\n     - Mantenibilidad\n     - Portabilidad\n\n### 2. **Identificación de subcaracterísticas**\n   - Cada una de estas características se descompone en subcaracterísticas. Por ejemplo, la usabilidad incluye subcaracterísticas como la facilidad de aprendizaje, la eficiencía, la memorabilidad, y la satisfacción del usuario.\n\n### 3. **Especificación de métricas**\n   - Para cada subcaracterística, se definen métricas específicas que permiten su medición. Por ejemplo:\n     - Para la funcionalidad, podría medirse la cobertura de requisitos.\n     - Para la fiabilidad, la tasa de fallos puede ser una métrica relevante.\n\n### 4. **Recolección de datos**\n   - Se recogen datos relevantes a través de diferentes métodos, como pruebas, encuestas, registros de uso y análisis de errores, dependiendo de la métrica que se esté evaluando.\n\n### 5. **Cálculo de métricas**\n   - Aplicando las fórmulas y métodos apropiados, se calculan las métricas. Esto puede involucrar operaciones estadísticas y evaluación comparativa.\n\n### 6. **Interpretación de resultados**\n   - Los resultados obtenidos se interpretan en el contexto de las expectativas y requisitos del software, lo que permite evaluar la calidad en función de objetivos específicos.\n\n### 7. **Generación de informes**\n   - Finalmente, se elaboran informes que resumen los hallazgos, las métricas cuantificadas y las conclusiones sobre la calidad del software.\n\n### Conclusión\nEsta metodología estructurada ayuda a las organizaciones a comprender y gestionar la calidad del software de manera más efectiva. Implementar estos pasos puede facilitar la mejora continua y la alineación con las expectativas del cliente. Si tienes preguntas adicionales sobre cualquier aspecto específico, no dudes en preguntar.', '2025-11-05 23:33:47', '2025-11-05 23:33:47'),
(17, '6PL0suMANZYnxzyJbzKhXF6u22pM4OtkS12qeeow', 'verificando funcion cuales son los items de la norma iso 25010', 'La norma ISO/IEC 25010 define un modelo de calidad de producto que se centra en las características que deben tener los productos de software. Este modelo está compuesto por ocho características principales, cada una de las cuales tiene subcaracterísticas. A continuación, se presentan las características de calidad de software según la norma ISO/IEC 25010:\n\n1. **Idoneidad Funcional**: La capacidad del software para proporcionar funciones que satisfacen necesidades explícitas y/o implícitas.\n   - Exactitud\n   - Adecuación\n   - Interoperabilidad\n   - Cumplimiento\n\n2. **Desempeño**: La capacidad del software para proporcionar un nivel apropiado de rendimiento en condiciones determinadas.\n   - Tiempo de respuesta\n   - Utilización de recursos\n\n3. **Compatibilidad**: La capacidad del software para interoperar con otros sistemas y permitir la co-existencia.\n   - Coexistencia\n   - Interoperabilidad\n\n4. **Usabilidad**: La facilidad con la que los usuarios pueden utilizar el software.\n   - Comprensibilidad\n   - Aprendizaje\n   - Operatividad\n   - Atractividad\n\n5. **Fiabilidad**: La capacidad del software para mantener su nivel de desempeño bajo condiciones específicas durante un período determinado.\n   - Madurez\n   - Tolerancia a fallos\n   - Recuperabilidad\n\n6. **Seguridad**: La capacidad del software para proteger la información y los datos y para evitar el acceso no autorizado.\n   - Confidencialidad\n   - Integridad\n   - Disponibilidad\n   - Responsabilidad\n\n7. **Mantenibilidad**: La facilidad con la que el software puede ser modificado para corregir defectos, mejorar el rendimiento o adaptarse a un entorno cambiante.\n   - Análisis\n   - Modificabilidad\n   - Estabilidad\n   - Probabilidad de prueba\n\n8. **Portabilidad**: La capacidad del software para ser transferido de un entorno a otro.\n   - Adaptabilidad\n   - Instalabilidad\n   - Reemplazabilidad\n\nEstas características proporcionan un marco para evaluar y mejorar la calidad del software en diversos contextos. Si necesitas más detalles o información sobre alguna de estas características, no dudes en preguntar.', '2025-11-08 00:43:06', '2025-11-08 00:43:06'),
(18, 'ExGk4eBotRsfvrpj83PmC2phZaWz11awnMbM7ncL', 'necesito migrar el proyecto de normas ISO 25010 Y 25023 a una plataforma donde pueda er visto por los usuarios', 'Migrar un proyecto que utilice las normas ISO/IEC 25010 y 25023 a una plataforma accesible para los usuarios implica varios pasos clave. A continuación, te ofrezco una guía general que puede ayudarte en este proceso:\n\n### 1. **Evaluación Inicial**\n   - **Identifica los Recursos Actuales**: Revisa la documentación existente, herramientas utilizadas y cualquier software asociado que necesites incluir en la migración.\n   - **Define los Objetivos**: ¿Qué esperas lograr con la migración? Considera aspectos como mejorar la accesibilidad, facilitar la colaboración o proporcionar actualizaciones en tiempo real.\n\n### 2. **Selección de la Plataforma**\n   - **Investigación de Opciones**: Considera plataformas como SharePoint, Confluence, o cualquier herramienta de gestión de proyectos que permita la colaboración y visualización (como Trello o Asana).\n   - **Evaluación de Compatibilidad**: Asegúrate de que la plataforma elegida soporte los formatos que ya usas para tus documentos e informes.\n\n### 3. **Planificación de la Migración**\n   - **Desarrollo de un Plan de Migración**: Define cómo y cuándo se realizará la migración, incluyendo las etapas (por ejemplo, exportación de datos, importación a la nueva plataforma y pruebas).\n   - **Capacitación**: Si es necesario, organiza sesiones de formación para los usuarios sobre cómo utilizar la nueva plataforma.\n\n### 4. **Migración de Datos**\n   - **Exportación de Datos**: Extrae toda la información relevante de los documentos existentes.\n   - **Importación a la Nueva Plataforma**: Sube los datos a la nueva plataforma en la estructura definida (categorías, secciones, etc.).\n\n### 5. **Validación y Pruebas**\n   - **Revisión de Datos**: Asegúrate de que toda la información se haya migrado correctamente y esté accesible.\n   - **Pruebas de Funcionalidad**: Realiza pruebas para verificar que la plataforma funcione como se esperaba, incluyendo la accesibilidad a los documentos y la correcta visualización.\n\n### 6. **Despliegue y Soporte**\n   - **Lanzamiento**: Una vez que todo esté en orden, anúncialo a los usuarios e invítalos a comenzar.\n   - **Soporte Continuo**: Establece un canal para que los usuarios puedan reportar problemas o hacer preguntas sobre la nueva plataforma.\n\n### 7. **Revisión Continua**\n   - **Recopilación de Feedback**: Pregunta a los usuarios sobre su experiencia con la nueva plataforma y haz ajustes según sea necesario.\n   - **Actualizaciones**: Mantén la documentación y los procesos actualizados conforme cambian las necesidades del proyecto.\n\nAl seguir estos pasos, podrás asegurar una migración efectiva y exitosa que permita a los usuarios acceder a la información relacionada con las normas ISO/IEC 25010 y 25023. Si necesitas información más específica sobre algún paso o alguna norma, no dudes en preguntar.', '2025-11-08 21:17:00', '2025-11-08 21:17:00');

-- --------------------------------------------------------

--
-- Estructura de tabla para la tabla `code_analyses`
--

CREATE TABLE `code_analyses` (
  `id` bigint(20) UNSIGNED NOT NULL,
  `user_id` bigint(20) UNSIGNED DEFAULT NULL,
  `codigo` text NOT NULL,
  `respuesta` longtext NOT NULL,
  `modelo` varchar(255) NOT NULL DEFAULT 'gpt-4o-mini',
  `created_at` timestamp NULL DEFAULT NULL,
  `updated_at` timestamp NULL DEFAULT NULL
) ENGINE=InnoDB DEFAULT CHARSET=utf8mb4 COLLATE=utf8mb4_unicode_ci;

-- --------------------------------------------------------

--
-- Estructura de tabla para la tabla `evaluations`
--

CREATE TABLE `evaluations` (
  `id` bigint(20) UNSIGNED NOT NULL,
  `project_id` bigint(20) UNSIGNED NOT NULL,
  `section_key` varchar(255) NOT NULL,
  `score` decimal(5,2) DEFAULT NULL,
  `comments` text DEFAULT NULL,
  `status` enum('pendiente','completada','archivada') NOT NULL DEFAULT 'pendiente',
  `created_at` timestamp NULL DEFAULT NULL,
  `updated_at` timestamp NULL DEFAULT NULL
) ENGINE=InnoDB DEFAULT CHARSET=utf8mb4 COLLATE=utf8mb4_unicode_ci;

-- --------------------------------------------------------

--
-- Estructura de tabla para la tabla `failed_jobs`
--

CREATE TABLE `failed_jobs` (
  `id` bigint(20) UNSIGNED NOT NULL,
  `uuid` varchar(255) NOT NULL,
  `connection` text NOT NULL,
  `queue` text NOT NULL,
  `payload` longtext NOT NULL,
  `exception` longtext NOT NULL,
  `failed_at` timestamp NOT NULL DEFAULT current_timestamp()
) ENGINE=InnoDB DEFAULT CHARSET=utf8mb4 COLLATE=utf8mb4_unicode_ci;

-- --------------------------------------------------------

--
-- Estructura de tabla para la tabla `jobs`
--

CREATE TABLE `jobs` (
  `id` bigint(20) UNSIGNED NOT NULL,
  `queue` varchar(255) NOT NULL,
  `payload` longtext NOT NULL,
  `attempts` tinyint(3) UNSIGNED NOT NULL,
  `reserved_at` int(10) UNSIGNED DEFAULT NULL,
  `available_at` int(10) UNSIGNED NOT NULL,
  `created_at` int(10) UNSIGNED NOT NULL
) ENGINE=InnoDB DEFAULT CHARSET=utf8mb4 COLLATE=utf8mb4_unicode_ci;

-- --------------------------------------------------------

--
-- Estructura de tabla para la tabla `job_batches`
--

CREATE TABLE `job_batches` (
  `id` varchar(255) NOT NULL,
  `name` varchar(255) NOT NULL,
  `total_jobs` int(11) NOT NULL,
  `pending_jobs` int(11) NOT NULL,
  `failed_jobs` int(11) NOT NULL,
  `failed_job_ids` longtext NOT NULL,
  `options` mediumtext DEFAULT NULL,
  `cancelled_at` int(11) DEFAULT NULL,
  `created_at` int(11) NOT NULL,
  `finished_at` int(11) DEFAULT NULL
) ENGINE=InnoDB DEFAULT CHARSET=utf8mb4 COLLATE=utf8mb4_unicode_ci;

-- --------------------------------------------------------

--
-- Estructura de tabla para la tabla `migrations`
--

CREATE TABLE `migrations` (
  `id` int(10) UNSIGNED NOT NULL,
  `migration` varchar(255) NOT NULL,
  `batch` int(11) NOT NULL
) ENGINE=InnoDB DEFAULT CHARSET=utf8mb4 COLLATE=utf8mb4_unicode_ci;

--
-- Volcado de datos para la tabla `migrations`
--

INSERT INTO `migrations` (`id`, `migration`, `batch`) VALUES
(1, '0001_01_01_000000_create_users_table', 1),
(2, '0001_01_01_000001_create_cache_table', 1),
(3, '0001_01_01_000002_create_jobs_table', 1),
(4, '2025_10_26_201536_create_permission_tables', 1),
(5, '2025_10_27_025712_create_chat_histories_table', 2),
(6, '2025_10_27_163850_create_evaluaciones_table', 3),
(7, '2025_10_28_150804_create_projects_table', 4),
(8, '2025_10_28_143919_create_project_documents_table', 5),
(9, '2025_10_28_152847_create_evaluations_table', 6);

-- --------------------------------------------------------

--
-- Estructura de tabla para la tabla `model_has_permissions`
--

CREATE TABLE `model_has_permissions` (
  `permission_id` bigint(20) UNSIGNED NOT NULL,
  `model_type` varchar(255) NOT NULL,
  `model_id` bigint(20) UNSIGNED NOT NULL
) ENGINE=InnoDB DEFAULT CHARSET=utf8mb4 COLLATE=utf8mb4_unicode_ci;

-- --------------------------------------------------------

--
-- Estructura de tabla para la tabla `model_has_roles`
--

CREATE TABLE `model_has_roles` (
  `role_id` bigint(20) UNSIGNED NOT NULL,
  `model_type` varchar(255) NOT NULL,
  `model_id` bigint(20) UNSIGNED NOT NULL
) ENGINE=InnoDB DEFAULT CHARSET=utf8mb4 COLLATE=utf8mb4_unicode_ci;

-- --------------------------------------------------------

--
-- Estructura de tabla para la tabla `password_reset_tokens`
--

CREATE TABLE `password_reset_tokens` (
  `email` varchar(255) NOT NULL,
  `token` varchar(255) NOT NULL,
  `created_at` timestamp NULL DEFAULT NULL
) ENGINE=InnoDB DEFAULT CHARSET=utf8mb4 COLLATE=utf8mb4_unicode_ci;

-- --------------------------------------------------------

--
-- Estructura de tabla para la tabla `permissions`
--

CREATE TABLE `permissions` (
  `id` bigint(20) UNSIGNED NOT NULL,
  `name` varchar(255) NOT NULL,
  `guard_name` varchar(255) NOT NULL,
  `created_at` timestamp NULL DEFAULT NULL,
  `updated_at` timestamp NULL DEFAULT NULL
) ENGINE=InnoDB DEFAULT CHARSET=utf8mb4 COLLATE=utf8mb4_unicode_ci;

-- --------------------------------------------------------

--
-- Estructura de tabla para la tabla `projects`
--

CREATE TABLE `projects` (
  `id` bigint(20) UNSIGNED NOT NULL,
  `user_id` bigint(20) UNSIGNED DEFAULT NULL,
  `title` varchar(255) DEFAULT NULL,
  `description` text DEFAULT NULL,
  `created_at` timestamp NULL DEFAULT NULL,
  `updated_at` timestamp NULL DEFAULT NULL
) ENGINE=InnoDB DEFAULT CHARSET=utf8mb4 COLLATE=utf8mb4_unicode_ci;

--
-- Volcado de datos para la tabla `projects`
--

INSERT INTO `projects` (`id`, `user_id`, `title`, `description`, `created_at`, `updated_at`) VALUES
(1, 1, 'CALIDAD DEL SOFTWARE NORMAS VIGENTES', 'Este trabajo tiene como fin, determinar cuáles normas en la actualidad apuntan a una medición cuantitativa del software, permitiendo tener una visión más clara del componente de creación, tiempos más exactos, presupuesto, entre otros, sin dejar a un lado los componentes cualitativos que nos permiten analizar el entorno del desarrollo.', '2025-10-29 14:34:37', '2025-10-29 14:34:37'),
(2, 1, 'CALIDAD DEL SOFTWARE Y DEL HARDWARE DIFERENCIAS', 'El proyecto procura establecer las diferencias con las que las ISO normatizan la calidad entre software y hadware', '2025-10-30 01:29:28', '2025-11-05 23:48:55');

-- --------------------------------------------------------

--
-- Estructura de tabla para la tabla `project_covers`
--

CREATE TABLE `project_covers` (
  `id` bigint(20) UNSIGNED NOT NULL,
  `project_id` bigint(20) UNSIGNED NOT NULL,
  `titulo_trabajo` varchar(255) DEFAULT NULL,
  `autor` varchar(255) DEFAULT NULL,
  `institucion` varchar(255) DEFAULT NULL,
  `facultad` varchar(255) DEFAULT NULL,
  `asignatura` varchar(255) DEFAULT NULL,
  `docente` varchar(255) DEFAULT NULL,
  `fecha` date DEFAULT NULL,
  `created_at` timestamp NULL DEFAULT NULL,
  `updated_at` timestamp NULL DEFAULT NULL
) ENGINE=InnoDB DEFAULT CHARSET=utf8mb4 COLLATE=utf8mb4_unicode_ci;

--
-- Volcado de datos para la tabla `project_covers`
--

INSERT INTO `project_covers` (`id`, `project_id`, `titulo_trabajo`, `autor`, `institucion`, `facultad`, `asignatura`, `docente`, `fecha`, `created_at`, `updated_at`) VALUES
(1, 1, 'CALIDAD DEL SOFTWARE NORMAS VIGENTES APLICACION EN COLOMBIA', 'Mauricio Sánchez Abella', 'Corporación Unificada Nacional de Educación Superior', 'Ingenieria de Sistemas', 'Calidad del Software', 'Wilber Hernandez', '2025-11-05', '2025-11-05 05:12:41', '2025-11-05 05:15:33');

-- --------------------------------------------------------

--
-- Estructura de tabla para la tabla `project_documents`
--

CREATE TABLE `project_documents` (
  `id` bigint(20) UNSIGNED NOT NULL,
  `project_id` bigint(20) UNSIGNED NOT NULL,
  `section_key` varchar(255) NOT NULL,
  `content` text DEFAULT NULL,
  `status` enum('pendiente','usuario_completo','analizado_ia') NOT NULL DEFAULT 'pendiente',
  `created_at` timestamp NULL DEFAULT NULL,
  `updated_at` timestamp NULL DEFAULT NULL
) ENGINE=InnoDB DEFAULT CHARSET=utf8mb4 COLLATE=utf8mb4_unicode_ci;

--
-- Volcado de datos para la tabla `project_documents`
--

INSERT INTO `project_documents` (`id`, `project_id`, `section_key`, `content`, `status`, `created_at`, `updated_at`) VALUES
(1, 1, 'problema', '¿Qué tan efectiva es la implementación de los modelos de calidad ISO/IEC 25010 y 25023 en la evaluación de software en empresas de desarrollo tecnológico en Colombia?', 'usuario_completo', '2025-10-29 21:19:34', '2025-11-05 03:10:10'),
(2, 1, 'objetivos', 'Objetivo general  \r\nAnalizar la efectividad de la implementación de las normas ISO/IEC 25010 y 25023 en la evaluación de la calidad del software en empresas de desarrollo tecnológico en Colombia.  \r\n\r\nObjetivos específicos  \r\nIdentificar el nivel de adopción de las normas ISO/IEC 25010 y 25023 en empresas dedicadas al desarrollo de software en Colombia.  \r\nExaminar las principales dificultades técnicas y organizacionales que enfrentan las empresas al aplicar estos modelos de calidad.  \r\nComparar las prácticas actuales de evaluación de calidad del software con los criterios establecidos por las normas ISO/IEC 25010 y 25023.  \r\nEvaluar el impacto de la implementación de estas normas en la calidad del producto final, la satisfacción del cliente y la eficiencia del proceso de desarrollo.  \r\nProponer recomendaciones para mejorar la aplicación de los modelos ISO/IEC 25010 y 25023 en el contexto local, considerando las limitaciones y oportunidades del entorno empresarial colombiano.', 'usuario_completo', '2025-10-29 21:36:57', '2025-11-05 04:30:39'),
(3, 1, 'justificacion', 'Este estudio posibilita la exploración de varios aspectos relevantes: el grado de adopción de las normas ISO/IEC 25010 y 25023 en el contexto local; las dificultades prácticas que las empresas enfrentan al implementar dichos modelos; la discrepancia existente entre la teoría de las normas y su aplicación en la realidad; así como la manera en que se mide la calidad del software en la práctica y su alineación con los estándares internacionales.', 'usuario_completo', '2025-10-29 21:37:00', '2025-11-05 04:27:42'),
(4, 1, 'estado_arte', '1. Introducción  \r\nEl estado del arte se presenta como una herramienta fundamental para contextualizar la investigación dentro de un marco teórico y práctico existente. La revisión exhaustiva de la literatura relacionada con la calidad del software y las normas ISO resulta crucial, ya que permite identificar precedentes, establecer la relevancia de los estándares internacionales y comprender mejor las tendencias actuales en el campo.\r\n\r\n2. Antecedentes teóricos  \r\nLos fundamentos de la calidad del software se centran en diversas dimensiones, tales como funcionalidad, confiabilidad, usabilidad, eficiencia, mantenibilidad y portabilidad. Las normas ISO/IEC 25010 y 25023, desarrolladas por la Organización Internacional de Normalización, ofrecen un marco coherente para la evaluación y medición de la calidad del software, abordando su origen, propósito y evolución a lo largo del tiempo. Además, es pertinente mencionar modelos relevantes como CMMI (Capability Maturity Model Integration), TMMI (Test Maturity Model Integration) e IEEE 730, que enriquecen la comprensión de las prácticas de calidad.\r\n\r\n3. Investigaciones previas  \r\nLa revisión de estudios académicos, tesis, artículos científicos e informes técnicos que han aplicado o analizado las normas ISO/IEC 25010 y 25023 revela una diversidad de enfoques metodológicos, incluyendo estudios de caso, encuestas y auditorías. Entre los resultados más significativos se destacan los beneficios observados en la mejora de procesos, las limitaciones enfrentadas durante su implementación, las métricas aplicadas para evaluar la calidad y el impacto general en la mejora de la calidad del software.\r\n\r\n4. Aplicación en el contexto colombiano  \r\nEn el contexto colombiano, es importante revisar investigaciones y experiencias locales provenientes de empresas, universidades y proyectos que han implementado las normas ISO/IEC 25010 y 25023. El análisis del nivel de adopción de estas normas, así como de los retos específicos y los resultados obtenidos, proporciona una visión crítica del panorama de la calidad del software en Colombia y Latinoamérica.\r\n\r\n5. Vacíos de investigación  \r\nA pesar del avance en la investigación sobre calidad del software, existen aspectos que aún no han sido suficientemente explorados. Entre estos vacíos se identifican la falta de estudios dirigidos a pequeñas y medianas empresas (pymes), la escasa medición cuantitativa en la aplicación de estas normas y la limitada documentación sobre el uso de estándares de calidad en entornos ágiles, lo que representa oportunidades valiosas para futuras investigaciones.\r\n\r\n6. Conclusión  \r\nLos hallazgos clave del estado del arte destacan la diversidad de enfoques y los resultados obtenidos a partir de la aplicación de las normas ISO/IEC 25010 y 25023. Esta revisión justifica la necesidad de contribuir a esta línea de investigación, identificando áreas que requieren atención y aportando conocimientos que favorezcan la mejora continua de la calidad del software.', 'usuario_completo', '2025-10-29 21:37:03', '2025-11-05 04:36:54'),
(5, 1, 'marco_teorico', 'Marco teórico del proyecto  \r\n1. Norma ISO/IEC 25010: Modelo de calidad del producto software  \r\nLa norma ISO/IEC 25010 establece un modelo de calidad que clasifica las características esenciales del software en dos categorías principales:  \r\nCalidad del producto: Evalúa las propiedades del software en sí.  \r\nCalidad en uso: Evalúa el impacto del software en los usuarios finales.  \r\nLas nueve características de calidad del producto son:  \r\nAdecuación funcional: Cumplimiento de requisitos funcionales.  \r\nFiabilidad: Comportamiento ante fallos y estabilidad.  \r\nUsabilidad: Facilidad de uso y aprendizaje.  \r\nEficiencia del rendimiento: Uso óptimo de los recursos.  \r\nCompatibilidad: Interoperabilidad con otros sistemas.  \r\nSeguridad: Protección contra amenazas.  \r\nMantenibilidad: Facilidad de modificación.  \r\nPortabilidad: Adaptabilidad a diferentes entornos.  \r\nCalidad en uso: Satisfacción, cobertura de necesidades y reducción de riesgos.  \r\nEste modelo permite evaluar el software desde múltiples dimensiones tanto técnicas como humanas, facilitando la toma de decisiones orientadas a la mejora continua.  \r\n2. Norma ISO/IEC 25023: Medición de la calidad  \r\nLa norma ISO/IEC 25023 complementa a la ISO/IEC 25010 al proporcionar métricas específicas para cada característica de calidad. Estas métricas permiten cuantificar atributos tales como:  \r\nTiempo medio entre fallos (fiabilidad).  \r\nTiempo de respuesta (eficiencia).  \r\nTasa de éxito en tareas (usabilidad).  \r\nNúmero de vulnerabilidades detectadas (seguridad).  \r\nLa norma ISO/IEC 25023 es fundamental para transformar criterios abstractos en indicadores medibles, lo que facilita la realización de auditorías, comparaciones y el seguimiento del desempeño del software.  \r\n3. Importancia de los modelos en el contexto colombiano  \r\nEn Colombia, muchas empresas del sector tecnológico se encuentran en un proceso de maduración en lo que respecta a la gestión de calidad. La adopción de estas normas puede representar un desafío tanto técnico como organizacional, pero también constituye una oportunidad para mejorar la competitividad, reducir errores y aumentar la satisfacción del cliente.', 'usuario_completo', '2025-10-29 21:37:06', '2025-11-05 04:33:32'),
(6, 1, 'marco_geografico', 'El presente estudio se desarrolla en el contexto geográfico de Colombia, con énfasis en el sector tecnológico y de desarrollo de software. El país ha experimentado un crecimiento significativo en su ecosistema digital, reflejado en el aumento del número de empresas dedicadas a la creación de soluciones tecnológicas, aplicaciones móviles, plataformas web y servicios digitales.\r\n\r\nSe consideran áreas de interés aquellas ciudades con alta concentración de empresas tecnológicas, tales como:\r\n\r\n- **Bogotá D.C.**: Principal centro económico y tecnológico del país, alberga múltiples empresas de software, incubadoras y universidades que promueven la innovación.\r\n  \r\n- **Medellín**: Reconocida por su transformación digital y su ecosistema de innovación, cuenta con clústeres tecnológicos y programas de apoyo a startups.\r\n  \r\n- **Cali, Barranquilla y Bucaramanga**: Ciudades emergentes en el desarrollo de software, donde se observa una significativa presencia de pymes tecnológicas y universidades que impulsan la formación en ingeniería de sistemas.\r\n  \r\n- **Pereira y el Eje Cafetero**: Región con creciente participación en proyectos tecnológicos, destacándose en el desarrollo de software para sectores productivos locales.\r\n\r\nEste marco geográfico permite analizar la implementación de las normas ISO/IEC 25010 y 25023 en diferentes tipos de organizaciones, abarcando desde grandes empresas hasta pymes, así como en diversos entornos productivos y académicos. Además, facilita la identificación de retos específicos que enfrentan las empresas colombianas en la adopción de estándares internacionales de calidad del software.', 'usuario_completo', '2025-10-29 21:37:07', '2025-11-05 04:39:08'),
(7, 1, 'marco_normativo', 'Marco normativo  \r\nEl presente proyecto se fundamenta en un conjunto de normas internacionales que establecen lineamientos para la evaluación y aseguramiento de la calidad del software. Estas normas forman parte de la familia ISO/IEC 25000, también conocida como SQuaRE (Software Product Quality Requirements and Evaluation), cuyo objetivo es proporcionar un marco común para especificar, medir y evaluar la calidad de los productos de software.\r\n\r\n1. ISO/IEC 25010:2011 – Modelo de calidad del producto  \r\nEsta norma define un modelo estructurado de calidad del software, compuesto por ocho características principales:\r\n\r\n- Adecuación funcional  \r\n- Fiabilidad  \r\n- Usabilidad  \r\n- Eficiencia del rendimiento  \r\n- Compatibilidad  \r\n- Seguridad  \r\n- Mantenibilidad  \r\n- Portabilidad  \r\n\r\nCada característica se subdivide en subcaracterísticas que permiten una evaluación más detallada del producto. Esta norma es esencial para establecer criterios objetivos de calidad durante el desarrollo y mantenimiento del software.\r\n\r\n2. ISO/IEC 25023:2016 – Medición de la calidad del producto  \r\nComplementa la ISO/IEC 25010 al proporcionar un conjunto de métricas cuantitativas para evaluar las características de calidad definidas. Estas métricas permiten medir aspectos tales como:\r\n\r\n- Tiempo medio entre fallos (fiabilidad)  \r\n- Tiempo de respuesta (eficiencia)  \r\n- Tasa de éxito de tareas (usabilidad)  \r\n- Número de vulnerabilidades (seguridad)  \r\n\r\nLa norma facilita la implementación de procesos de evaluación sistemáticos y repetibles, que son esenciales para la mejora continua del software.\r\n\r\n3. Relación con otras normas de calidad  \r\nAdemás de las normas ISO/IEC 25010 y 25023, este proyecto reconoce la importancia de otras normativas complementarias, tales como:\r\n\r\n- ISO/IEC 25001: Requisitos y guía para la calidad del producto.  \r\n- ISO/IEC 12207: Procesos del ciclo de vida del software.  \r\n- ISO/IEC 15504 (SPICE): Evaluación de procesos de software.  \r\n\r\nEstas normas proporcionan un marco integral para la gestión de la calidad en todas las etapas del ciclo de vida del software, desde su concepción hasta su mantenimiento.', 'usuario_completo', '2025-10-29 21:37:13', '2025-11-05 04:41:02'),
(8, 1, 'metodologia', '1. Enfoque metodológico  \r\nEl estudio se desarrollará bajo un enfoque mixto, combinando métodos cuantitativos y cualitativos para obtener una perspectiva integral del uso de las normas ISO/IEC 25010 y 25023 en empresas de desarrollo de software en Colombia.\r\n\r\n2. Tipo de investigación  \r\nExploratoria-descriptiva: Se busca identificar el nivel de conocimiento, aplicación y efectividad de las normas en el contexto empresarial colombiano.  \r\n\r\nAplicada: El objetivo es generar recomendaciones prácticas que contribuyan a la mejora de la calidad del software.\r\n\r\n3. Diseño de la investigación  \r\nEstudio de campo: Se aplicarán instrumentos de recolección de datos directamente en empresas del sector tecnológico.  \r\n\r\nEstudio documental: Se revisarán artículos científicos, tesis, informes técnicos y normativas internacionales relacionadas con la calidad del software.\r\n\r\n4. Población y muestra  \r\nPoblación objetivo: Empresas de desarrollo de software ubicadas en Colombia, concentrándose especialmente en ciudades como Bogotá, Medellín, Cali y Pereira.  \r\n\r\nMuestra: Se seleccionará una muestra no probabilística por conveniencia, compuesta por empresas que acepten participar en el estudio. Asimismo, se incluirán profesionales del área de calidad, ingenieros de software y líderes de proyectos.\r\n\r\n5. Técnicas e instrumentos de recolección de datos  \r\nEncuestas estructuradas: Para obtener datos cuantitativos sobre el nivel de implementación de las normas.  \r\n\r\nEntrevistas semiestructuradas: Para profundizar en las experiencias, dificultades y beneficios percibidos por los profesionales.  \r\n\r\nAnálisis documental: Para comparar las prácticas actuales con los lineamientos establecidos por las normas ISO/IEC 25010 y 25023.\r\n\r\n6. Análisis de datos  \r\nCuantitativo: Se emplearán herramientas estadísticas descriptivas (frecuencias, porcentajes, gráficos) para analizar los resultados de las encuestas.  \r\n\r\nCualitativo: Se aplicará un análisis de contenido para interpretar las entrevistas y documentos revisados.\r\n\r\n7. Consideraciones éticas  \r\nSe garantizará la confidencialidad de la información proporcionada por los participantes.  \r\n\r\nSe solicitará consentimiento informado antes de aplicar encuestas o entrevistas.  \r\n\r\nEl estudio se llevará a cabo respetando los principios éticos de la investigación científica.', 'usuario_completo', '2025-10-29 21:37:17', '2025-11-05 04:43:14'),
(9, 1, 'analisis', 'El análisis del presente proyecto sobre la implementación de las normas ISO/IEC 25010 y 25023 en Colombia revela un panorama mixto en cuanto a su adopción en el sector del desarrollo de software. Si bien se ha observado un avance en la adopción de certificaciones ISO, particularmente en estándares de gestión de calidad como ISO 9001, las cifras reflejan que menos del 20% de las empresas de desarrollo de software utilizan formalmente los modelos de calidad propuestos por las normas ISO/IEC 25010 y 25023. Este porcentaje es aún más bajo en pequeñas y medianas empresas (pymes) y startups, lo que indica una clara necesidad de fomentar el conocimiento y la aplicación de estas normativas.\r\n\r\nLos beneficios reportados por las organizaciones que han implementado ISO/IEC 25010 son significativos, incluyendo una reducción en la tasa de errores post-lanzamiento que varía entre el 30% y el 50%, así como un incremento en la satisfacción del cliente que puede alcanzar hasta el 40%, atribuible a las mejoras en usabilidad y funcionalidad. Asimismo, se ha destacado una mayor eficiencia en el mantenimiento del software, manifestada en una disminución del tiempo requerido para corregir fallos, que oscila entre el 25% y el 35%.\r\n\r\nEn el ámbito del sector público, las métricas de calidad establecidas por ISO/IEC 25010 están comenzando a ser integradas por diversas entidades, facilitando la evaluación de aplicaciones internas, como portales ciudadanos y sistemas de gestión documental. Este movimiento puede facultar mejoras en la transparencia y efectividad de los servicios públicos ofrecidos a la ciudadanía.\r\n\r\nNo obstante, persisten diversos retos que obstaculizan una adopción más amplia de estas normas. La falta de capacitación especializada en métricas de calidad ISO, los costos asociados a la implementación y auditoría de estándares, y el generalizado desconocimiento de la norma ISO/IEC 25023, que es menos divulgada en comparación con ISO/IEC 25010, constituyen barreras que requieren atención.\r\n\r\nEn resumen, la implementación de las normas ISO/IEC 25010 y 25023 en Colombia continúa en una fase de crecimiento y desarrollo. La existencia de resultados favorables en algunas organizaciones marca un camino esperanzador, pero la diferencia en la aplicación sistemática de estas normas, especialmente en pymes, subraya la urgencia de cerrar esta brecha. Este proyecto busca contribuir a dicho objetivo mediante el análisis de casos reales, la identificación de obstáculos y la formulación de estrategias de mejora.', 'usuario_completo', '2025-10-29 21:37:22', '2025-11-05 04:45:50'),
(10, 1, 'conclusiones', 'Baja adopción formal de las normas ISO/IEC 25010 y 25023. Aunque existe conciencia sobre la importancia de la calidad del software, menos del 20% de las empresas colombianas aplican formalmente estos modelos, siendo este problema más evidente en pymes y startups. Esta situación pone de manifiesto una brecha significativa entre el conocimiento teórico y la práctica empresarial.\r\n\r\nImpacto positivo en empresas que sí implementan las normas. Las organizaciones que han adoptado ISO/IEC 25010 reportan beneficios considerables, tales como:\r\n\r\nReducción de errores post-lanzamiento de entre un 30% y 50%.\r\n\r\nIncremento en la satisfacción del cliente que puede alcanzar hasta un 40%.\r\n\r\nMejora en la eficiencia del mantenimiento, reflejada en una reducción de tiempos de corrección entre un 25% y un 35%.\r\n\r\nDesconocimiento y falta de capacitación como principales barreras. La limitada divulgación de la norma ISO/IEC 25023, junto con la falta de formación especializada en métricas de calidad, obstaculizan su implementación. Adicionalmente, los costos asociados a auditorías y certificaciones constituyen un desafío significativo para muchas empresas.\r\n\r\nPotencial en el sector público y académico. Algunas entidades gubernamentales han comenzado a integrar métricas de calidad, basadas en ISO/IEC 25010, para evaluar sus sistemas internos, lo que podría fomentar mejoras en la transparencia y eficiencia de los servicios digitales.\r\n\r\nNecesidad de estrategias de difusión y acompañamiento técnico. Para cerrar la brecha de implementación, es fundamental promover programas de formación, ofrecer incentivos para la certificación y desarrollar herramientas de evaluación accesibles que faciliten a un mayor número de empresas la adopción de estos estándares.', 'usuario_completo', '2025-10-29 21:37:27', '2025-11-05 04:47:55'),
(11, 1, 'recomendaciones', 'Recomendaciones del proyecto\r\n\r\nFortalecer la capacitación en normas de calidad del software: Es fundamental promover programas de formación técnica sobre las normas ISO/IEC 25010 y 25023, dirigidos a desarrolladores, líderes de proyectos y responsables de calidad, haciendo especial énfasis en pymes y startups.\r\n\r\nIncentivar la adopción de estándares mediante beneficios empresariales: Se recomienda crear mecanismos de apoyo, como subsidios, certificaciones gratuitas o reconocimiento público, destinados a aquellas empresas que implementen modelos de calidad basados en estas normas.\r\n\r\nDesarrollar herramientas de evaluación accesibles: Es crucial fomentar el uso de plataformas o software que permitan la aplicación automatizada y sencilla de métricas de calidad, alineadas con ISO/IEC 25023, con el fin de facilitar su adopción.\r\n\r\nIntegrar las normas en procesos ágiles y DevOps: Es necesario adaptar los modelos ISO a las metodologías ágiles para asegurar su aplicación sin que se comprometa la velocidad de desarrollo, incorporando métricas en ciclos iterativos.\r\n\r\nFomentar alianzas entre academia, industria y gobierno: Se debe impulsar proyectos colaborativos que promuevan la investigación, aplicación y mejora de los modelos de calidad en entornos reales, integrando a universidades, empresas y entidades públicas.\r\n\r\nDifundir casos de éxito locales: Es recomendable documentar y compartir experiencias de empresas colombianas que hayan implementado ISO/IEC 25010 con resultados positivos, de modo que se motive a otras organizaciones a seguir este modelo.\r\n\r\nIncluir la evaluación de calidad en licitaciones públicas: Se sugiere establecer, como requisito en los contratos tecnológicos del Estado, la aplicación de modelos de calidad reconocidos internacionalmente, como ISO/IEC 25010.', 'usuario_completo', '2025-10-29 21:37:31', '2025-11-05 04:49:38'),
(12, 1, 'portada', NULL, 'pendiente', '2025-10-29 21:37:36', '2025-10-29 21:37:36'),
(13, 2, 'objetivos', 'Analizar, desde el marco de las normas ISO, las diferencias en los criterios de medición o calificación del software en comparación con el hardware, con el objetivo de evidenciar cómo ambos componentes interactúan de manera sinérgica en el contexto de la producción del proyecto.', 'usuario_completo', '2025-10-30 02:00:43', '2025-11-08 21:14:45'),
(14, 2, 'marco_teorico', NULL, 'pendiente', '2025-10-30 02:00:49', '2025-10-30 02:00:49'),
(15, 2, 'problema', NULL, 'pendiente', '2025-10-30 02:00:52', '2025-10-30 02:00:52'),
(16, 2, 'justificacion', NULL, 'pendiente', '2025-11-08 21:07:11', '2025-11-08 21:07:11');

-- --------------------------------------------------------

--
-- Estructura de tabla para la tabla `project_metrics`
--

CREATE TABLE `project_metrics` (
  `id` bigint(20) UNSIGNED NOT NULL,
  `project_id` bigint(20) UNSIGNED NOT NULL,
  `lineas_analizadas` int(11) DEFAULT 0,
  `funcionalidad` decimal(5,2) DEFAULT 0.00,
  `eficiencia` decimal(5,2) DEFAULT 0.00,
  `compatibilidad` decimal(5,2) DEFAULT 0.00,
  `usabilidad` decimal(5,2) DEFAULT 0.00,
  `fiabilidad` decimal(5,2) DEFAULT 0.00,
  `seguridad` decimal(5,2) DEFAULT 0.00,
  `mantenibilidad` decimal(5,2) DEFAULT 0.00,
  `portabilidad` decimal(5,2) DEFAULT 0.00,
  `codigo` text DEFAULT NULL,
  `analisis` longtext DEFAULT NULL,
  `resumen` text DEFAULT NULL,
  `created_at` timestamp NOT NULL DEFAULT current_timestamp(),
  `updated_at` timestamp NOT NULL DEFAULT current_timestamp() ON UPDATE current_timestamp()
) ENGINE=InnoDB DEFAULT CHARSET=utf8mb4 COLLATE=utf8mb4_general_ci;

--
-- Volcado de datos para la tabla `project_metrics`
--

INSERT INTO `project_metrics` (`id`, `project_id`, `lineas_analizadas`, `funcionalidad`, `eficiencia`, `compatibilidad`, `usabilidad`, `fiabilidad`, `seguridad`, `mantenibilidad`, `portabilidad`, `codigo`, `analisis`, `resumen`, `created_at`, `updated_at`) VALUES
(1, 1, 58, 75.00, 80.00, 75.00, 65.00, 90.00, 80.00, 75.00, 85.00, '<div class=\"page-content\">\r\n				<div data-elementor-type=\"wp-page\" data-elementor-id=\"2861\" class=\"elementor elementor-2861\" data-elementor-post-type=\"page\">\r\n				<div class=\"elementor-element elementor-element-37777c6 e-con-full e-flex e-con e-parent e-lazyloaded\" data-id=\"37777c6\" data-element_type=\"container\" data-settings=\"{&quot;background_background&quot;:&quot;classic&quot;}\">\r\n				<div class=\"elementor-element elementor-element-c6ac3b0 elementor-absolute elementor-widget__width-initial elementor-widget elementor-widget-image\" data-id=\"c6ac3b0\" data-element_type=\"widget\" data-settings=\"{&quot;_position&quot;:&quot;absolute&quot;}\" data-widget_type=\"image.default\">\r\n				<div class=\"elementor-widget-container\">\r\n																<a href=\"https://cun.edu.co/\">\r\n							<img decoding=\"async\" width=\"768\" height=\"230\" src=\"https://cun.edu.co/wp-content/uploads/2025/03/Recurso-3-1-768x230.png.webp\" class=\"attachment-medium_large size-medium_large wp-image-314592\" alt=\"\" srcset=\"https://cun.edu.co/wp-content/uploads/2025/03/Recurso-3-1-768x230.png.webp 768w, https://cun.edu.co/wp-content/uploads/2025/03/Recurso-3-1-300x90.png.webp 300w, https://cun.edu.co/wp-content/uploads/2025/03/Recurso-3-1.png.webp 856w\" sizes=\"(max-width: 768px) 100vw, 768px\">								</a>\r\n															</div>\r\n				</div>\r\n		<div class=\"elementor-element elementor-element-711e576 e-con-full e-flex e-con e-child\" data-id=\"711e576\" data-element_type=\"container\" data-settings=\"{&quot;position&quot;:&quot;absolute&quot;}\">\r\n				<div class=\"elementor-element elementor-element-5505fba elementor-widget__width-initial elementor-view-default elementor-widget elementor-widget-icon\" data-id=\"5505fba\" data-element_type=\"widget\" data-widget_type=\"icon.default\">\r\n				<div class=\"elementor-widget-container\">\r\n							<div class=\"elementor-icon-wrapper\">\r\n			<div class=\"elementor-icon\">\r\n			<svg aria-hidden=\"true\" class=\"e-font-icon-svg e-fas-home\" viewBox=\"0 0 576 512\" xmlns=\"http://www.w3.org/2000/svg\"><path d=\"M280.37 148.26L96 300.11V464a16 16 0 0 0 16 16l112.06-.29a16 16 0 0 0 15.92-16V368a16 16 0 0 1 16-16h64a16 16 0 0 1 16 16v95.64a16 16 0 0 0 16 16.05L464 480a16 16 0 0 0 16-16V300L295.67 148.26a12.19 12.19 0 0 0-15.3 0zM571.6 251.47L488 182.56V44.05a12 12 0 0 0-12-12h-56a12 12 0 0 0-12 12v72.61L318.47 43a48 48 0 0 0-61 0L4.34 251.47a12 12 0 0 0-1.6 16.9l25.5 31A12 12 0 0 0 45.15 301l235.22-193.74a12.19 12.19 0 0 1 15.3 0L530.9 301a12 12 0 0 0 16.9-1.6l25.5-31a12 12 0 0 0-1.7-16.93z\"></path></svg>			</div>\r\n		</div>\r\n						</div>\r\n				</div>\r\n				<div class=\"elementor-element elementor-element-11cd126 elementor-widget elementor-widget-heading\" data-id=\"11cd126\" data-element_type=\"widget\" data-widget_type=\"heading.default\">\r\n				<div class=\"elementor-widget-container\">\r\n					<span class=\"elementor-heading-title elementor-size-default\"><a href=\"https://cun.edu.co/\">Inicio    </a></span>				</div>\r\n				</div>\r\n				<div class=\"elementor-element elementor-element-27cc44c elementor-widget__width-initial elementor-view-default elementor-widget elementor-widget-icon\" data-id=\"27cc44c\" data-element_type=\"widget\" data-widget_type=\"icon.default\">\r\n				<div class=\"elementor-widget-container\">\r\n							<div class=\"elementor-icon-wrapper\">\r\n			<div class=\"elementor-icon\">\r\n			<svg aria-hidden=\"true\" class=\"e-font-icon-svg e-fas-chevron-right\" viewBox=\"0 0 320 512\" xmlns=\"http://www.w3.org/2000/svg\"><path d=\"M285.476 272.971L91.132 467.314c-9.373 9.373-24.569 9.373-33.941 0l-22.667-22.667c-9.357-9.357-9.375-24.522-.04-33.901L188.505 256 34.484 101.255c-9.335-9.379-9.317-24.544.04-33.901l22.667-22.667c9.373-9.373 24.569-9.373 33.941 0L285.475 239.03c9.373 9.372 9.373 24.568.001 33.941z\"></path></svg>			</div>\r\n		</div>\r\n						</div>\r\n				</div>\r\n				<div class=\"elementor-element elementor-element-da614fd elementor-widget elementor-widget-heading\" data-id=\"da614fd\" data-element_type=\"widget\" data-widget_type=\"heading.default\">\r\n				<div class=\"elementor-widget-container\">\r\n					<span class=\"elementor-heading-title elementor-size-default\"><a href=\"#\">Soy Cunista</a></span>				</div>\r\n				</div>\r\n				<div class=\"elementor-element elementor-element-ab996ea elementor-widget__width-initial elementor-view-default elementor-widget elementor-widget-icon\" data-id=\"ab996ea\" data-element_type=\"widget\" data-widget_type=\"icon.default\">\r\n				<div class=\"elementor-widget-container\">\r\n							<div class=\"elementor-icon-wrapper\">\r\n			<div class=\"elementor-icon\">\r\n			<svg aria-hidden=\"true\" class=\"e-font-icon-svg e-fas-chevron-right\" viewBox=\"0 0 320 512\" xmlns=\"http://www.w3.org/2000/svg\"><path d=\"M285.476 272.971L91.132 467.314c-9.373 9.373-24.569 9.373-33.941 0l-22.667-22.667c-9.357-9.357-9.375-24.522-.04-33.901L188.505 256 34.484 101.255c-9.335-9.379-9.317-24.544.04-33.901l22.667-22.667c9.373-9.373 24.569-9.373 33.941 0L285.475 239.03c9.373 9.372 9.373 24.568.001 33.941z\"></path></svg>			</div>\r\n		</div>\r\n						</div>\r\n				</div>\r\n				<div class=\"elementor-element elementor-element-9511c5c elementor-widget elementor-widget-heading\" data-id=\"9511c5c\" data-element_type=\"widget\" data-widget_type=\"heading.default\">\r\n				<div class=\"elementor-widget-container\">\r\n					<span class=\"elementor-heading-title elementor-size-default\"><a href=\"#\">Estudiante</a></span>				</div>\r\n				</div>\r\n				</div>\r\n				</div>\r\n		<div class=\"elementor-element elementor-element-4a1e589 e-con-full e-flex e-con e-parent e-lazyloaded\" data-id=\"4a1e589\" data-element_type=\"container\" data-settings=\"{&quot;background_background&quot;:&quot;gradient&quot;}\">\r\n				<div class=\"elementor-element elementor-element-5177ce6 elementor-pagination-type-bullets elementor-arrows-position-inside elementor-pagination-position-outside elementor-widget elementor-widget-n-carousel e-widget-swiper\" data-id=\"5177ce6\" data-element_type=\"widget\" data-settings=\"{&quot;carousel_items&quot;:[{&quot;_id&quot;:&quot;3710c8e&quot;,&quot;slide_title&quot;:&quot;Slide #3&quot;},{&quot;slide_title&quot;:&quot;Slide #2&quot;,&quot;_id&quot;:&quot;9d61c5e&quot;},{&quot;slide_title&quot;:&quot;Slide #3&quot;,&quot;_id&quot;:&quot;51c380b&quot;}],&quot;slides_to_show&quot;:&quot;1&quot;,&quot;slides_to_scroll&quot;:&quot;1&quot;,&quot;slides_to_show_tablet&quot;:&quot;2&quot;,&quot;slides_to_show_mobile&quot;:&quot;1&quot;,&quot;speed&quot;:500,&quot;arrows&quot;:&quot;yes&quot;,&quot;pagination&quot;:&quot;bullets&quot;,&quot;image_spacing_custom&quot;:{&quot;unit&quot;:&quot;px&quot;,&quot;size&quot;:10,&quot;sizes&quot;:[]},&quot;image_spacing_custom_tablet&quot;:{&quot;unit&quot;:&quot;px&quot;,&quot;size&quot;:&quot;&quot;,&quot;sizes&quot;:[]},&quot;image_spacing_custom_mobile&quot;:{&quot;unit&quot;:&quot;px&quot;,&quot;size&quot;:&quot;&quot;,&quot;sizes&quot;:[]}}\" data-widget_type=\"nested-carousel.default\">\r\n				<div class=\"elementor-widget-container\">\r\n							<div class=\"e-n-carousel swiper swiper-initialized swiper-horizontal swiper-pointer-events\" role=\"region\" aria-roledescription=\"carousel\" aria-label=\"Carousel\" dir=\"ltr\">\r\n			<div class=\"swiper-wrapper\" aria-live=\"polite\" id=\"swiper-wrapper-5d2102d355fa4bfd1\" style=\"transform: translate3d(0px, 0px, 0px);\">\r\n										<div class=\"swiper-slide swiper-slide-active\" data-slide=\"1\" role=\"group\" aria-roledescription=\"slide\" aria-label=\"1 / 3\" style=\"width: 1067px; margin-right: 10px;\">\r\n							<div class=\"elementor-element elementor-element-b672ad3 e-con-full e-flex e-con e-child\" data-id=\"b672ad3\" data-element_type=\"container\">\r\n				<div class=\"elementor-element elementor-element-dca5267 elementor-widget elementor-widget-image\" data-id=\"dca5267\" data-element_type=\"widget\" data-widget_type=\"image.default\">\r\n				<div class=\"elementor-widget-container\">\r\n															<img decoding=\"async\" width=\"2560\" height=\"923\" src=\"https://cun.edu.co/wp-content/uploads/2025/08/Piezas_grados_Banner02-scaled.jpg\" class=\"attachment-full size-full wp-image-332611\" alt=\"Estudiante con birrete y efecto de luz en pieza promocional.\" srcset=\"https://cun.edu.co/wp-content/uploads/2025/08/Piezas_grados_Banner02-scaled.jpg 2560w, https://cun.edu.co/wp-content/uploads/2025/08/Piezas_grados_Banner02-300x108.jpg 300w, https://cun.edu.co/wp-content/uploads/2025/08/Piezas_grados_Banner02-1024x369.jpg 1024w, https://cun.edu.co/wp-content/uploads/2025/08/Piezas_grados_Banner02-768x277.jpg 768w, https://cun.edu.co/wp-content/uploads/2025/08/Piezas_grados_Banner02-1536x554.jpg 1536w, https://cun.edu.co/wp-content/uploads/2025/08/Piezas_grados_Banner02-2048x738.jpg 2048w\" sizes=\"(max-width: 2560px) 100vw, 2560px\">															</div>\r\n				</div>', '### Evaluación del Fragmento de Código\n\nA continuación, se presenta el análisis del fragmento de código proporcionado, utilizando las normas **ISO/IEC 25010** y **ISO/IEC 25023** para evaluar la calidad del software en términos cualitativos y cuantitativos.\n\n#### Análisis Cualitativo (ISO/IEC 25010)\n\n1. **Funcionalidad**:\n   - **Adecuación**: Se identifica la correcta implementación de enlaces a la página principal y otras secciones relevantes, lo que es apropiado para facilitar la navegación.\n   - **Interoperabilidad**: El uso de SVG y elementos estándar asegura que el contenido sea compatible con varios navegadores y plataformas.\n\n2. **Usabilidad**:\n   - **Conveniencia**: El diseño proporciona accesibilidad a través de enlaces destacados y gráficos intuitivos.\n   - **Estética**: Los elementos gráficos, incluidos los íconos de SVG, están bien implementados, lo que mejora la experiencia visual.\n\n3. **Confiabilidad**:\n   - **Tolerancia a Fallos**: No se observa un manejo explícito de errores en enlaces rotos o imágenes no disponibles. Considerar implementar lógica para manejar estos escenarios aumentaría la confiabilidad.\n\n4. **Rendimiento**:\n   - **Eficiencia**: Se utiliza la propiedad `decoding=\"async\"` en las imágenes, lo que puede mejorar la velocidad de carga. Sin embargo, la carga de SVG y componentes adicionales puede amenazar la eficiencia si no se optimizan.\n\n5. **Mantenibilidad**:\n   - **Modularidad**: El uso de elementos repetitivos (como los íconos y encabezados) puede facilitar futuras modificaciones, aunque un mayor uso de clases CSS reutilizables sería ideal.\n   - **Documentación**: No se incluyen comentarios que expliquen la lógica del diseño o el propósito de secciones específicas. La documentación puede mejorar la mantenibilidad.\n\n6. **Portabilidad**:\n   - **Adaptabilidad**: El uso de gráficos y elementos flexibles (como los contenedores flex) sugiere que el diseño se adaptará bien a diferentes dispositivos y resoluciones.\n\n#### Análisis Cuantitativo (ISO/IEC 25023)\n\n- **Métricas Técnicas**:\n  1. **Complejidad del Código**:\n     - **Número de Elementos**: Aproximadamente 63 elementos `<div>`, 8 elementos `<svg>` y 6 imágenes.\n     - **Profundidad de Anidamiento**: Máxima profundidad de 6 niveles en la estructura de `<div>`, indicando un diseño jerárquico relativamente complejo.\n\n  2. **Tamaño del Código**:\n     - **Líneas de Código**: 202 líneas de código HTML.\n     - **Porcentaje de Comentarios**: 0% (sin comentarios), lo que no favorece la mantenibilidad.\n\n  3. **Tiempos de Carga**:\n     - **Tamaño Total Aproximado**: Según las imágenes referenciadas, el tamaño total de carga puede superar varios megabytes, dependiendo de la calidad de las imágenes, afectando el rendimiento en conexiones lentas.\n     - **Cargas Asíncronas**: Uso de `decoding=\"async\"` sugiere un enfoque hacia la optimización de la carga del contenido.\n\n  4. **Accesibilidad**:\n     - **Uso de Atributos ARIA**: Se observa el uso de `aria-label` y `role`, lo cual es positivo para la accesibilidad, pero se recomienda comprobar si todos los elementos interactivos cuentan con el soporte adecuado.\n\n### Conclusiones y Recomendaciones\n\n1. **Mejorar la Mantenibilidad**: Incluir comentarios explicativos y adoptar un enfoque de clases CSS reutilizables.\n2. **Optimizar Imágenes**: Utilizar una compresión adecuada de imágenes para mejorar los tiempos de carga y rendimiento general.\n3. **Mejorar la Gestión de Errores**: Implementar lógica de manejo de errores para enlaces rotos e imágenes no cargadas.\n4. **Accesibilidad**: Asegurarse de que todos los elementos interactivos, especialmente los que usan SVG, tengan atributos de accesibilidad completos.\n\nEste análisis se enmarca dentro de la evaluación del código conforme a los estándares de calidad software, buscando mejorar su eficiencia, facilidad de uso, y mantenibilidad.', 'Análisis automático generado por IA el 06/11/2025 07:42', '2025-11-06 12:42:10', '2025-11-06 14:50:27'),
(2, 1, 64, 85.00, 90.00, 85.00, 70.00, 80.00, 75.00, 80.00, 70.00, '<main id=\"content\" class=\"site-main post-8025 page type-page status-publish has-post-thumbnail hentry\">\r\n\r\n			<div class=\"page-header\">\r\n			<h1 class=\"entry-title\">CUN: Corporación Unificada Nacional de Educación Superior</h1>		</div>\r\n	\r\n	<div class=\"page-content\">\r\n				<div data-elementor-type=\"wp-page\" data-elementor-id=\"8025\" class=\"elementor elementor-8025\" data-elementor-post-type=\"page\">\r\n				<div class=\"elementor-element elementor-element-20f5ec5 e-con-full e-flex e-con e-parent e-lazyloaded\" data-id=\"20f5ec5\" data-element_type=\"container\" data-settings=\"{&quot;background_background&quot;:&quot;video&quot;,&quot;background_video_link&quot;:&quot;https:\\/\\/www.youtube.com\\/watch?v=_fiivy4hZ48&quot;,&quot;background_play_on_mobile&quot;:&quot;yes&quot;}\">\r\n		<div class=\"elementor-background-video-container\" aria-hidden=\"true\">\r\n							<div class=\"elementor-background-video-embed\"></div>\r\n						</div><div class=\"elementor-element elementor-element-b46fc0f e-flex e-con-boxed e-con e-child\" data-id=\"b46fc0f\" data-element_type=\"container\" data-settings=\"{&quot;background_background&quot;:&quot;classic&quot;}\">\r\n					<div class=\"e-con-inner\">\r\n					</div>\r\n				</div>\r\n		<div class=\"elementor-element elementor-element-4084b8b e-con-full e-flex e-con e-child\" data-id=\"4084b8b\" data-element_type=\"container\" data-settings=\"{&quot;position&quot;:&quot;absolute&quot;}\">\r\n				<div class=\"elementor-element elementor-element-5adb1ad elementor-widget__width-initial elementor-widget elementor-widget-image animated fadeInLeft\" data-id=\"5adb1ad\" data-element_type=\"widget\" data-settings=\"{&quot;_animation&quot;:&quot;fadeInLeft&quot;}\" data-widget_type=\"image.default\">\r\n				<div class=\"elementor-widget-container\">\r\n															<img decoding=\"async\" width=\"800\" height=\"358\" src=\"https://cun.edu.co/wp-content/uploads/2025/03/Recurso-2.png.webp\" class=\"attachment-large size-large wp-image-312328\" alt=\"\" srcset=\"https://cun.edu.co/wp-content/uploads/2025/03/Recurso-2.png.webp 905w, https://cun.edu.co/wp-content/uploads/2025/03/Recurso-2-300x134.png.webp 300w, https://cun.edu.co/wp-content/uploads/2025/03/Recurso-2-768x344.png.webp 768w\" sizes=\"(max-width: 800px) 100vw, 800px\">															</div>\r\n				</div>\r\n				<div class=\"elementor-element elementor-element-9f285ee elementor-widget-tablet__width-initial elementor-widget-mobile__width-initial elementor-absolute elementor-widget elementor-widget-heading\" data-id=\"9f285ee\" data-element_type=\"widget\" data-settings=\"{&quot;_position&quot;:&quot;absolute&quot;}\" data-widget_type=\"heading.default\">\r\n				<div class=\"elementor-widget-container\">\r\n					<h2 class=\"elementor-heading-title elementor-size-default\">Encuentra tu mejor versión en el \r\nmundo educativo</h2>				</div>\r\n				</div>\r\n				<div class=\"elementor-element elementor-element-d549f82 elementor-align-justify animated-slow elementor-mobile-align-center elementor-widget elementor-widget-button animated fadeInLeft\" data-id=\"d549f82\" data-element_type=\"widget\" data-settings=\"{&quot;_animation&quot;:&quot;fadeInLeft&quot;,&quot;_animation_delay&quot;:500}\" data-widget_type=\"button.default\">\r\n				<div class=\"elementor-widget-container\">\r\n									<div class=\"elementor-button-wrapper\">\r\n					<a class=\"elementor-button elementor-button-link elementor-size-sm\" href=\"#from\">\r\n						<span class=\"elementor-button-content-wrapper\">\r\n									<span class=\"elementor-button-text\">Iniciar ahora</span>\r\n					</span>\r\n					</a>\r\n				</div>\r\n								</div>\r\n				</div>\r\n				</div>\r\n				</div>\r\n		<div class=\"elementor-element elementor-element-9ba9db8 e-con-full e-flex e-con e-parent e-lazyloaded\" data-id=\"9ba9db8\" data-element_type=\"container\">\r\n		<a class=\"elementor-element elementor-element-43b9fd6 e-con-full e-flex e-con e-child\" data-id=\"43b9fd6\" data-element_type=\"container\" href=\"https://play.google.com/store/apps/details?id=co.edu.cun.cun360&amp;hl=es_CO\" target=\"_blank\" rel=\"noopener\">\r\n				<div class=\"elementor-element elementor-element-f753492 elementor-widget elementor-widget-video\" data-id=\"f753492\" data-element_type=\"widget\" data-settings=\"{&quot;youtube_url&quot;:&quot;https:\\/\\/youtu.be\\/m_ZTaM7OGrk&quot;,&quot;start&quot;:0,&quot;autoplay&quot;:&quot;yes&quot;,&quot;play_on_mobile&quot;:&quot;yes&quot;,&quot;mute&quot;:&quot;yes&quot;,&quot;loop&quot;:&quot;yes&quot;,&quot;cc_load_policy&quot;:&quot;yes&quot;,&quot;lazy_load&quot;:&quot;yes&quot;,&quot;video_type&quot;:&quot;youtube&quot;,&quot;controls&quot;:&quot;yes&quot;}\" data-widget_type=\"video.default\">\r\n				<div class=\"elementor-widget-container\">\r\n							<div class=\"elementor-wrapper elementor-open-inline\">\r\n			<div class=\"elementor-video\"></div>		</div>\r\n						</div>\r\n				</div>\r\n				</a>\r\n				</div>\r\n		<div class=\"elementor-element elementor-element-bdffe6b e-flex e-con-boxed e-con e-parent\" data-id=\"bdffe6b\" data-element_type=\"container\" data-settings=\"{&quot;background_background&quot;:&quot;classic&quot;}\">\r\n					<div class=\"e-con-inner\">\r\n		<div class=\"elementor-element elementor-element-c35b62a e-con-full e-flex e-con e-child\" data-id=\"c35b62a\" data-element_type=\"container\">\r\n				<div class=\"elementor-element elementor-element-cb19220 elementor-widget elementor-widget-heading\" data-id=\"cb19220\" data-element_type=\"widget\" data-widget_type=\"heading.default\">\r\n				<div class=\"elementor-widget-container\">\r\n					<h2 class=\"elementor-heading-title elementor-size-default\">Algunos logros</h2>				</div>\r\n				</div>\r\n		<div class=\"elementor-element elementor-element-f5ab0a6 e-grid e-con-boxed e-con e-child\" data-id=\"f5ab0a6\" data-element_type=\"container\">\r\n					<div class=\"e-con-inner\">\r\n		<div class=\"elementor-element elementor-element-84a2d5d e-flex e-con-boxed e-con e-child\" data-id=\"84a2d5d\" data-element_type=\"container\">\r\n					<div class=\"e-con-inner\">\r\n				<div class=\"elementor-element elementor-element-9bcb39b elementor-widget elementor-widget-image\" data-id=\"9bcb39b\" data-element_type=\"widget\" data-widget_type=\"image.default\">\r\n				<div class=\"elementor-widget-container\">\r\n															<img decoding=\"async\" width=\"300\" height=\"223\" src=\"https://cun.edu.co/wp-content/uploads/2025/04/3con-300x223.png.webp\" class=\"attachment-medium size-medium wp-image-321470\" alt=\"\" srcset=\"https://cun.edu.co/wp-content/uploads/2025/04/3con-300x223.png.webp 300w, https://cun.edu.co/wp-content/uploads/2025/04/3con-768x571.png.webp 768w, https://cun.edu.co/wp-content/uploads/2025/04/3con.png.webp 966w\" sizes=\"(max-width: 300px) 100vw, 300px\">															</div>\r\n				</div>\r\n				<div class=\"elementor-element elementor-element-548986b elementor-widget-mobile__width-inherit elementor-widget elementor-widget-counter\" data-id=\"548986b\" data-element_type=\"widget\" data-widget_type=\"counter.default\">\r\n				<div', '### Análisis Técnico del Fragmento de Código\n\n**Resumen**\nEl código proporcionado es un fragmento de HTML que parece ser parte de una página web diseñada usando Elementor, un constructor de páginas en WordPress. Este análisis se alineará con las normas ISO/IEC 25010 para la calidad de productos de software y ISO/IEC 25023 para las métricas de calidad.\n\n---\n\n### 1. Evaluación de Calidad del Software conforme a ISO/IEC 25010\n\n#### 1.1. Funcionalidad\n- **Adecuación funcional**: El contenido parece cumplir con el propósito previsto, brindando información sobre la Corporación Unificada Nacional de Educación Superior y permitiendo la interacción a través de enlaces y botones. \n- **Corrección**: La presentación del contenido no incluye errores evidentes, aunque la calidad del texto (gramática, ortografía) no puede ser evaluada sin contenido textual adicional.\n\n#### 1.2. Fiabilidad\n- **Madurez**: No es posible evaluar adecuadamente la madurez sin información sobre la integración y el uso en producción. Sin embargo, el uso de HTML estándar sugiere que es poco probable que contenga fallos fatales.\n- **Tolerancia a fallos**: Se utilizó un enlace externo a un video de YouTube. El comportamiento en caso de que este enlace falle (404, video eliminado) no está descrito ni manejado.\n\n#### 1.3. Usabilidad\n- **Facilidad de uso**: El diseño parece seguir principios de usabilidad, facilitando la navegación hacia otras secciones y utilizando elementos visuales atractivos.\n- **Accesibilidad**: No se observa uso extensivo de atributos `alt` para imágenes, lo cual podría afectar la accesibilidad para usuarios con discapacidad visual. Aunque tiene el atributo `decoding=\"async\"` para optimización.\n\n#### 1.4. Eficiencia\n- **Rendimiento**: La referencia a video y a imágenes grandes podría impactar negativamente en el tiempo de carga de la página si no se optimizan adecuadamente.\n- **Uso de recursos**: No se proporcionan métricas sobre el consumo de recursos, lo cual será relevante al evaluar el rendimiento de la página en un entorno real.\n\n#### 1.5. Mantenibilidad\n- **Modularidad**: El uso de clases adecuadamente definidas y contenedores en HTML permite cierta modularidad, lo que facilita las modificaciones futuras.\n- **Analizabilidad**: El código está segmentado en bloques, lo que puede facilitar su análisis, aunque carece de comentarios que aumenten la comprensión.\n\n#### 1.6. Portabilidad\n- **Adaptabilidad**: El uso de Elementor sugiere que el código está diseñado para ser portable a diferentes configuraciones de WordPress y podría ser compatible con múltiples dispositivos.\n\n---\n\n### 2. Métricas Cuantitativas conforme a ISO/IEC 25023\n\n#### 2.1. Complejidad\n- **Líneas de Código (LOC)**: Se observa un código que abarca aproximadamente **170 líneas**. Esto sugiere un nivel de complejidad moderado, ya que es parte de un diseño más amplio.\n\n#### 2.2. Tamaño\n- **Elementos HTML**: Hay un total de **30 elementos HTML** visibles, incluyendo contenedores, imágenes y vídeos. Cada elemento añade carga a la estructura de la página y puede influir en el tiempo de carga.\n\n#### 2.3. Accesibilidad y Usabilidad\n- **Tamaño de los elementos multimedia**: Las imágenes son **300px x 223px y 800px x 358px**. Para mejorar la accesibilidad, sería recomendable usar tamaños responsivos y atributos `alt` descriptivos.\n\n#### 2.4. Tiempo de Respuesta\n- Evaluar esto requeriría pruebas de carga y rendimiento en un entorno real. El uso de recursos multimedia puede aumentar el tiempo de carga si no se optimizan.\n\n#### 2.5. Soporte de Navegadores\n- No se especifica compatibilidad con navegadores, lo cual es esencial en el contexto actual. Debe asegurarse que el código funcione consistentemente en navegadores populares como Chrome, Firefox y Safari.\n\n---\n\n### 3. Observaciones y Recomendaciones\n\n1. **Optimización de Imágenes y Vídeos**: Se recomienda comprimir imágenes y videos para mejorar tiempos de carga. Además, se deben proporcionar atributos `alt` descriptivos para las imágenes para mejorar la accesibilidad.\n\n2. **Gestión de Errores**: Implementar técnicas de gestión de errores para manejar enlaces rotos y fallos en la carga de recursos externos.\n\n3. **Accesibilidad**: Mejorar el uso de atributos de accesibilidad (como ARIA) y asegurar que se cumplan las pautas WCAG para mayor inclusión de usuarios con discapacidades.\n\n4. **Pruebas de Rendimiento**: Realizar pruebas de carga y rendimiento para asegurar que la página se comporta adecuadamente bajo diferentes condiciones.\n\n5. **Documentación**: Agregar comentarios al código para mejorar la mantenibilidad y la comprensión del mismo.\n\n---\n\n**Conclusión**: Aunque el código fragmentado presenta una base adecuadamente estructurada, debe mejorarse en materia de optimización, accesibilidad y documentación para cumplir mejor con los estándares de calidad establecidos en las normas ISO/IEC 25010 y 25023.', 'Análisis automático generado por IA el 06/11/2025 08:46', '2025-11-06 13:46:34', '2025-11-06 14:32:30'),
(3, 1, 33, 85.00, 80.00, 90.00, 75.00, 85.00, 80.00, 70.00, 80.00, '<head>\r\n	<meta charset=\"UTF-8\">\r\n	<meta name=\"viewport\" content=\"width=device-width, initial-scale=1\">\r\n	<link rel=\"profile\" href=\"https://gmpg.org/xfn/11\">\r\n		<style>img:is([sizes=\"auto\" i], [sizes^=\"auto,\" i]) { contain-intrinsic-size: 3000px 1500px }</style>\r\n	\r\n<!-- Search Engine Optimization by Rank Math PRO - https://rankmath.com/ -->\r\n<title>Estudiante Cunista | CUN</title>\r\n<meta name=\"description\" content=\"Accede a todos los recursos y servicios que la CUN tiene para sus estudiantes. Acá están todos los recursos que necesitas mientras te formas en la CUN.\">\r\n<meta name=\"robots\" content=\"follow, index, max-snippet:-1, max-video-preview:-1, max-image-preview:large\">\r\n<link rel=\"canonical\" href=\"https://cun.edu.co/estudiantes/\">\r\n<meta property=\"og:locale\" content=\"es_ES\">\r\n<meta property=\"og:type\" content=\"article\">\r\n<meta property=\"og:title\" content=\"Estudiante Cunista | CUN\">\r\n<meta property=\"og:description\" content=\"Accede a todos los recursos y servicios que la CUN tiene para sus estudiantes. Acá están todos los recursos que necesitas mientras te formas en la CUN.\">\r\n<meta property=\"og:url\" content=\"https://cun.edu.co/estudiantes/\">\r\n<meta property=\"og:site_name\" content=\"CUN\">\r\n<meta property=\"og:updated_time\" content=\"2025-10-27T08:19:34-05:00\">\r\n<meta property=\"og:image\" content=\"https://cun.edu.co/wp-content/uploads/2025/02/Rectangle-16.webp\">\r\n<meta property=\"og:image:secure_url\" content=\"https://cun.edu.co/wp-content/uploads/2025/02/Rectangle-16.webp\">\r\n<meta property=\"og:image:width\" content=\"1440\">\r\n<meta property=\"og:image:height\" content=\"716\">\r\n<meta property=\"og:image:alt\" content=\"Soy Cunista / Estudiantes\">\r\n<meta property=\"og:image:type\" content=\"image/webp\">\r\n<meta property=\"article:published_time\" content=\"2025-02-26T14:48:12-05:00\">\r\n<meta property=\"article:modified_time\" content=\"2025-10-27T08:19:34-05:00\">\r\n<meta name=\"twitter:card\" content=\"summary_large_image\">\r\n<meta name=\"twitter:title\" content=\"Estudiante Cunista | CUN\">\r\n<meta name=\"twitter:description\" content=\"Accede a todos los recursos y servicios que la CUN tiene para sus estudiantes. Acá están todos los recursos que necesitas mientras te formas en la CUN.\">\r\n<meta name=\"twitter:image\" content=\"https://cun.edu.co/wp-content/uploads/2025/02/Rectangle-16.webp\">\r\n<meta name=\"twitter:label1\" content=\"Time to read\">\r\n<meta name=\"twitter:data1\" content=\"3 minutos\">\r\n<script async=\"\" src=\"https://www.googletagmanager.com/gtm.js?id=GTM-PCTDJQJ\"></script><script', 'El código presenta una estructura semántica bien definida y optimizando el SEO mediante el uso de metaetiquetas adecuadas para la indexación en motores de búsqueda. Sin embargo, la eficiencia en la carga podría verse comprometida si hay un exceso de elementos o scripts pesados. La compatibilidad es buena, al utilizar características estándar de HTML5 y metaetiquetas conocidas. La usabilidad puede verse afectada si el contenido no es accesible para todos los usuarios. Se recomienda revisiones periódicas para asegurar la fiabilidad, además de implementar mejores prácticas de seguridad, como la revisión de enlaces y scripts externos. La mantenibilidad puede mejorar al estructurar el CSS y los scripts en archivos externos y minimizar el uso de estilos inline. La portabilidad es adecuada ya que el diseño responsive se ve en la metaetiqueta viewport y uso de media queries.', 'El análisis muestra que el código tiene buenas prácticas en SEO y se comporta correctamente en términos de compatibilidad y funcionalidad, sin embargo, hay áreas de mejora en eficiencia, usabilidad y mantenibilidad.', '2025-11-06 14:04:19', '2025-11-06 14:04:19'),
(4, 1, 5, 90.00, 80.00, 85.00, 75.00, 90.00, 80.00, 70.00, 75.00, '<footer class=\"main-footer\">\r\n    <strong>Qualisoft AI © 2025</strong>  \r\n    Mauricio Sánchez Abella <br>\r\n    Todos los derechos reservados.\r\n</footer>', 'El código HTML presentado cumple con los estándares básicos de funcionalidad al mostrar correctamente la información de derechos reservados. Sin embargo, carece de elementos semánticos adicionales que podrían mejorar la accesibilidad y usabilidad, así como un estilo CSS para el diseño visual. La eficiencia es moderada; el uso de HTML es correcto, pero no optimiza el uso de recursos. La compatibilidad es buena, ya que el HTML es estándar y debería funcionar en la mayoría de los navegadores. La usabilidad se ve algo afectada por la falta de estilos que adaptan la visualización. La fiabilidad es alta ya que no hay errores evidentes en la sintaxis. La seguridad no se evalúa directamente en HTML, pero el código no presenta vulnerabilidades obvias. La mantenibilidad es razonable, aunque podría beneficiarse de comentarios y una estructura más organizada. La portabilidad es adecuada puesto que el código puede ser trasladado fácilmente a otros entornos web.', 'El código HTML aporta una buena base funcional y de fiabilidad, pero requiere mejoras significativas en usabilidad y diseño para cumplir con estándares más altos de experiencia de usuario y mantenimiento.', '2025-11-06 14:34:00', '2025-11-06 14:34:00'),
(5, 1, 40, 85.00, 80.00, 90.00, 75.00, 80.00, 70.00, 80.00, 85.00, '<nav class=\"main-header navbar navbar-expand navbar-white navbar-light\">\r\n    <!-- Left navbar links -->\r\n    <ul class=\"navbar-nav\">\r\n        <li class=\"nav-item\">\r\n            <a class=\"nav-link\" data-widget=\"pushmenu\" href=\"#\" role=\"button\">\r\n                <i class=\"fas fa-bars\"></i>\r\n            </a>\r\n        </li>\r\n        <li class=\"nav-item d-none d-sm-inline-block\">\r\n            <a href=\"http://127.0.0.1:8000/home\" class=\"nav-link\">Qualisoft AI</a>\r\n        </li>\r\n        <li class=\"nav-item d-none d-sm-inline-block\">\r\n            <a href=\"http://127.0.0.1:8000/graficos\" class=\"nav-link\">Gráficos</a>\r\n        </li>\r\n        <li class=\"nav-item d-none d-sm-inline-block\">\r\n            <a href=\"http://127.0.0.1:8000/normas\" class=\"nav-link\">Normas</a>\r\n        </li>\r\n        <li class=\"nav-item d-none d-sm-inline-block\">\r\n            <a href=\"http://127.0.0.1:8000/apoyo\" class=\"nav-link\">Apoyo</a>\r\n        </li>\r\n    </ul>\r\n\r\n    <!-- Right navbar links -->\r\n    <ul class=\"navbar-nav ml-auto\">\r\n                    <li class=\"nav-item dropdown\">\r\n                <a id=\"userDropdown\" class=\"nav-link dropdown-toggle\" href=\"#\" role=\"button\" data-toggle=\"dropdown\" aria-haspopup=\"true\" aria-expanded=\"false\">\r\n                    Wilber Hernandez\r\n                </a>\r\n\r\n                <div class=\"dropdown-menu dropdown-menu-right\" aria-labelledby=\"userDropdown\">\r\n                    <a class=\"dropdown-item\" href=\"http://127.0.0.1:8000/logout\" onclick=\"event.preventDefault(); document.getElementById(\'logout-form\').submit();\">\r\n                        Salir\r\n                    </a>\r\n\r\n                    <form id=\"logout-form\" action=\"http://127.0.0.1:8000/logout\" method=\"POST\" class=\"d-none\">\r\n                        <input type=\"hidden\" name=\"_token\" value=\"w1ykSS52OPlSbTGHMPZn8o4jtwFwAqHFqVjy0jd6\" autocomplete=\"off\">                    </form>\r\n                </div>\r\n            </li>\r\n            </ul>\r\n</nav>', 'El componente de navegación utiliza clases de Bootstrap, lo que mejora su funcionalidad añadiendo elementos de diseño responsivo. Sin embargo, el uso de URLs absolutas (localhost) puede ser problemático para la portabilidad en entornos de producción. La eficiencia es adecuada, dado que el código es relativamente ligero y no incluye scripts o estilos innecesarios. La usabilidad está marcada por la claridad en las opciones de navegación, aunque se podría mejorar incluyendo algún indicador del estado activo de la navegación. La fiabilidad se ve bien dada la estructura simple, pero los enlaces podrían ser más robustos. A nivel de seguridad, el logout utiliza un formulario oculto, lo que es una buena práctica, pero se debe tener cuidado con el manejo de los tokens y la validación en servidor. La mantenibilidad es buena, ya que emplea un sistema de clases bien estructurado que facilita cambios futuros. La compatibilidad es alta al seguir estándares comunes de HTML y CSS en el desarrollo web.', 'La evaluación del componente de navegación muestra un código bien estructurado y con un buen nivel de funcionalidad y eficiencia. Sin embargo, hay áreas, como la seguridad y la usabilidad, que podrían mejorarse para optimizar la experiencia del usuario.', '2025-11-06 14:46:26', '2025-11-06 14:46:26'),
(6, 1, 65, 90.00, 85.00, 80.00, 75.00, 85.00, 70.00, 80.00, 75.00, '@extends(\'layouts.app\')\r\n\r\n@push(\'styles\')\r\n  <link rel=\"stylesheet\" href=\"{{ asset(\'css/normas.css\') }}\">\r\n@endpush\r\n\r\n@section(\'title\', \'Normas\')\r\n@section(\'page-title\', \'Normas ISO/IEC 25010 & 25023\')\r\n\r\n@section(\'content\')\r\n<div class=\"container-fluid\">\r\n  <h3 class=\"mb-4 text-center\">Normas de Calidad del Software</h3>\r\n\r\n  <!-- Grid de tarjetas con numeración automática -->\r\n  <div class=\"content-grid content-center\">\r\n    <dl class=\"card modern\">\r\n      <dt>ISO/IEC 25010</dt>\r\n      <dd>Modelo de calidad del producto de software: características como funcionalidad, fiabilidad, eficiencia, mantenibilidad, entre otras.</dd>\r\n      <dd><button class=\"btn btn-primary open-modal-url\" data-url=\"https://iso25000.com/index.php/normas-iso-25000/iso-25010\">Ver detalle</button></dd>\r\n    </dl>\r\n\r\n    <dl class=\"card modern\">\r\n      <dt>ISO/IEC 25023</dt>\r\n      <dd>Métricas para la medición de la calidad del producto de software.</dd>\r\n      <dd><button class=\"btn btn-primary open-modal-url\" data-url=\"https://www.iso25000.com/index.php/normas-iso-25000\">Ver detalle</button></dd>\r\n    </dl>\r\n  </div>\r\n</div>\r\n\r\n<!-- Modal genérico reutilizable -->\r\n<div class=\"modal fade\" id=\"urlModal\" tabindex=\"-1\" aria-labelledby=\"urlModalLabel\" aria-hidden=\"true\">\r\n  <div class=\"modal-dialog modal-xl modal-dialog-centered\">\r\n    <div class=\"modal-content\">\r\n      <div class=\"modal-header position-relative pb-0\">\r\n        <h5 class=\"modal-title\" id=\"urlModalLabel\">Detalle norma</h5>\r\n        <button type=\"button\" class=\"btn-close\" data-bs-dismiss=\"modal\" aria-label=\"Cerrar\"></button>\r\n      </div>\r\n      <div class=\"modal-body p-0\">\r\n        <iframe id=\"urlModalIframe\" src=\"\" width=\"100%\" height=\"600\" frameborder=\"0\"></iframe>\r\n      </div>\r\n    </div>\r\n  </div>\r\n</div>\r\n\r\n@push(\'scripts\')\r\n<script>\r\ndocument.addEventListener(\'DOMContentLoaded\', () => {\r\n  document.querySelectorAll(\'.open-modal-url\').forEach(btn => {\r\n    btn.addEventListener(\'click\', () => {\r\n      const url = btn.getAttribute(\'data-url\');\r\n      const iframe = document.getElementById(\'urlModalIframe\');\r\n      iframe.src = url;\r\n      const modal = new bootstrap.Modal(document.getElementById(\'urlModal\'));\r\n      modal.show();\r\n    });\r\n  });\r\n\r\n  // Limpia el iframe al cerrar el modal\r\n  document.getElementById(\'urlModal\').addEventListener(\'hidden.bs.modal\', () => {\r\n    document.getElementById(\'urlModalIframe\').src = \'\';\r\n  });\r\n});\r\n</script>\r\n@endpush\r\n@endsection', '```json\n{\n  \"funcionalidad\": 90,\n  \"eficiencia\": 85,\n  \"compatibilidad\": 80,\n  \"usabilidad\": 75,\n  \"fiabilidad\": 85,\n  \"seguridad\": 70,\n  \"mantenibilidad\": 80,\n  \"portabilidad\": 75,\n  \"analisis\": \"El código presentado utiliza el framework Laravel junto con Bootstrap para crear una interfaz de usuario que permite la visualización de la información sobre las normas ISO/IEC 25010 y 25023. La funcionalidad básica está bien implementada, permitiendo al usuario abrir un modal con detalles al hacer clic en los botones. Aunque el código es limpio y sigue buenas prácticas, la usabilidad podría mejorarse añadiendo validaciones o retroalimentación al usuario. En términos de eficiencia, los tiempos de carga y la gestión de eventos son adecuados, pero se podría optimizar el manejo de los modales. La compatibilidad con diferentes navegadores parece aceptable, aunque un test más exhaustivo podría ser beneficioso. La seguridad podría mejorar con el uso de políticas CSP y evitando el uso de iframes si no se protege adecuadamente. La mantenibilidad está bien lograda, haciendo uso de plantillas y push para scripts y estilos, lo que facilita la modificación futura. La portabilidad es aceptable, aunque depende de la estructura del servidor y el framework utilizado.\",\n  \"resumen\": \"El código cumple en gran medida con las normativas de calidad de software, destacando en funcionalidad y eficiencia, pero con áreas de mejora en usabilidad y seguridad.\"\n}\n```', 'Análisis generado sin formato JSON válido. Se debe corregir en el código, informar al ING Mauricio de la anomalía.', '2025-11-07 21:11:22', '2025-11-08 03:01:00'),
(7, 1, 102, 85.00, 80.00, 90.00, 88.00, 85.00, 75.00, 80.00, 80.00, '@extends(\'layouts.app\')\r\n\r\n@push(\'styles\')\r\n    <link rel=\"stylesheet\" href=\"{{ asset(\'css/home.css\') }}\">\r\n@endpush\r\n\r\n@section(\'title\', \'Documento del Proyecto\')\r\n@section(\'page-title\')\r\n    Sección: {{ ucfirst($sectionKey) }}\r\n@endsection\r\n\r\n@section(\'content\')\r\n<div class=\"container-fluid\">\r\n    <div class=\"card modern mb‑4 p‑6\">\r\n        <div class=\"card-body\">\r\n            <h5 class=\"card‑title mb‑3\">Sección: {{ ucfirst(str_replace(\'_\',\' \', $sectionKey)) }}</h5>\r\n\r\n            <div class=\"mb‑4\">\r\n                <label class=\"form-label\">\r\n                    <strong>Estado:</strong>\r\n                    @if($doc->status === \'usuario_completo\')\r\n                        Usuario completo\r\n                    @elseif($doc->status === \'analizado_ia\')\r\n                        Analizado por IA\r\n                    @else\r\n                        Pendiente\r\n                    @endif\r\n                </label>\r\n            </div>\r\n\r\n            <form method=\"POST\" action=\"{{ route(\'projects.documents.update\', [$project, $sectionKey]) }}\">\r\n                @csrf\r\n\r\n                <div class=\"form-group mb‑4\">\r\n                    <textarea name=\"content\" class=\"form-control\" rows=\"10\" required>{{ old(\'content\', $doc->content) }}</textarea>\r\n                </div>\r\n\r\n                <div class=\"d‑flex flex-wrap gap‑2 mt‑3\">\r\n                    <button type=\"submit\" class=\"btn btn-success\">\r\n                        Guardar sección\r\n                    </button>\r\n\r\n                    <button type=\"button\" class=\"btn btn-primary\" id=\"btnAnalyzeByIA\">\r\n                        Analizar con IA\r\n                    </button>\r\n                </div>\r\n            </form>\r\n        </div>\r\n    </div>\r\n</div>\r\n\r\n@push(\'scripts\')\r\n\r\n<script>\r\ndocument.addEventListener(\'DOMContentLoaded\', () => {\r\n    const btnAnalyze = document.getElementById(\'btnAnalyzeByIA\');\r\n    const textarea = document.querySelector(\'textarea[name=\"content\"]\');\r\n\r\n    if (!btnAnalyze || !textarea) return;\r\n\r\n    btnAnalyze.addEventListener(\'click\', async () => {\r\n        const content = textarea.value.trim();\r\n\r\n        if (!content) {\r\n            alert(\'Por favor ingresa texto antes de analizar.\');\r\n            return;\r\n        }\r\n\r\n        if (!confirm(\'¿Deseas que la IA analice esta sección?\')) return;\r\n\r\n        btnAnalyze.disabled = true;\r\n        btnAnalyze.innerHTML = \'<i class=\"fas fa-spinner fa-spin\"></i> Analizando...\';\r\n\r\n        try {\r\n            const response = await fetch(\"{{ route(\'projects.documents.analyze.ajax\', [$project, $sectionKey]) }}\", {\r\n                method: \'POST\',\r\n                headers: {\r\n                    \'Content-Type\': \'application/json\',\r\n                    \'X-CSRF-TOKEN\': \'{{ csrf_token() }}\'\r\n                },\r\n                body: JSON.stringify({ content })\r\n            });\r\n\r\n            const data = await response.json();\r\n\r\n            if (response.ok && data.result) {\r\n                textarea.value = data.result;\r\n                alert(\'✅ Análisis completado. Revisa el texto antes de guardar.\');\r\n            } else {\r\n                alert(\'⚠️ Error: \' + (data.error || \'No se obtuvo respuesta válida.\'));\r\n            }\r\n        } catch (error) {\r\n            alert(\'🚨 Error al conectar con la IA: \' + error.message);\r\n        } finally {\r\n            btnAnalyze.disabled = false;\r\n            btnAnalyze.innerHTML = \'Analizar con IA\';\r\n        }\r\n    });\r\n});\r\n</script>\r\n@endpush\r\n@endsection', '```json\n{\n  \"funcionalidad\": 85,\n  \"eficiencia\": 80,\n  \"compatibilidad\": 90,\n  \"usabilidad\": 88,\n  \"fiabilidad\": 85,\n  \"seguridad\": 75,\n  \"mantenibilidad\": 80,\n  \"portabilidad\": 80,\n  \"analisis\": \"El código presenta una buena implementación de las buenas prácticas de desarrollo web, utilizando Laravel y Blade. La funcionalidad de análisis con IA está bien integrada con los métodos POST y AJAX, lo que permite una interactividad eficiente. Sin embargo, la lógica de negocio es algo compleja y puede beneficiarse de una separación más clara entre la vista y la lógica. La usabilidad es alta debido a una interfaz clara y opciones de interacción. La seguridad tiene un buen manejo de tokens CSRF, aunque la validación de entradas de usuario puede reforzarse. El código ha sido estructurado de tal manera que es fácil de mantener y modificar en el futuro.\",\n  \"resumen\": \"El código es robusto, con alta funcionalidad y usabilidad. La eficiencia y compatibilidad son buenas, pero se podría mejorar la seguridad y mantener un código aún más limpio para facilitar la mantenibilidad.\"\n}\n```', 'Análisis generado sin formato JSON válido, debe comunicarse con el creador del desarrollo, Ing Mauricio, para normalizar el JSON.', '2025-11-07 21:45:31', '2025-11-08 20:53:13'),
(8, 1, 79, 85.00, 75.00, 80.00, 70.00, 90.00, 80.00, 65.00, 75.00, 'public function generarMetricas(Request $request)\r\n{\r\n    try {\r\n        $client = new Client([\r\n            \'base_uri\' => env(\'COMET_API_URL\', \'https://api.cometapi.com\'),\r\n        ]);\r\n\r\n        // Recuperamos el código fuente analizado desde la sesión\r\n        $codigo = session(\'codigo\', \'\');\r\n        if (empty($codigo)) {\r\n            return response()->json([\r\n                \'success\' => false,\r\n                \'error\' => \'No se encontró código fuente en la sesión.\'\r\n            ]);\r\n        }\r\n\r\n        // Pedimos a la IA que genere métricas numéricas (JSON)\r\n        $response = $client->post(\'/v1/chat/completions\', [\r\n            \'headers\' => [\r\n                \'Authorization\' => \'Bearer \' . env(\'COMET_API_KEY\'),\r\n                \'Content-Type\'  => \'application/json\',\r\n            ],\r\n            \'json\' => [\r\n                \'model\' => env(\'COMET_DEFAULT_MODEL\', \'gpt-4o-mini\'),\r\n                \'messages\' => [\r\n                    [\r\n                        \'role\' => \'system\',\r\n                        \'content\' => \"Eres un auditor experto en métricas de calidad de software ISO/IEC 25023. \r\n                        Devuelve estrictamente un JSON con las siguientes claves numéricas (0-100): \r\n                        lineas_analizadas, funcionalidad, eficiencia, compatibilidad, usabilidad, fiabilidad, seguridad, mantenibilidad, portabilidad. \r\n                        No incluyas texto adicional ni formato fuera del JSON.\"\r\n                    ],\r\n                    [\r\n                        \'role\' => \'user\',\r\n                        \'content\' => \"Analiza el siguiente código y genera métricas de calidad:\\n\\n{$codigo}\"\r\n                    ],\r\n                ],\r\n            ],\r\n        ]);\r\n\r\n        $result = json_decode($response->getBody(), true);\r\n\r\n        // Extraer el contenido de la IA\r\n        $raw = $result[\'choices\'][0][\'message\'][\'content\'] ?? \'{}\';\r\n\r\n        // Aseguramos que sea JSON válido\r\n        $metricas = json_decode($raw, true);\r\n        if (!is_array($metricas)) {\r\n            throw new \\Exception(\'La IA no devolvió un formato JSON válido.\');\r\n        }\r\n\r\n        // Guardar en la base de datos\r\n        $registro = ProjectMetric::create([\r\n            \'project_id\'       => 1, // Puedes reemplazar por el ID real del proyecto\r\n            \'lineas_analizadas\'=> $metricas[\'lineas_analizadas\'] ?? 0,\r\n            \'funcionalidad\'    => $metricas[\'funcionalidad\'] ?? 0,\r\n            \'eficiencia\'       => $metricas[\'eficiencia\'] ?? 0,\r\n            \'compatibilidad\'   => $metricas[\'compatibilidad\'] ?? 0,\r\n            \'usabilidad\'       => $metricas[\'usabilidad\'] ?? 0,\r\n            \'fiabilidad\'       => $metricas[\'fiabilidad\'] ?? 0,\r\n            \'seguridad\'        => $metricas[\'seguridad\'] ?? 0,\r\n            \'mantenibilidad\'   => $metricas[\'mantenibilidad\'] ?? 0,\r\n            \'portabilidad\'     => $metricas[\'portabilidad\'] ?? 0,\r\n            \'resumen\'          => \'Métricas generadas automáticamente por IA en la fecha \' . now(),\r\n        ]);\r\n\r\n        return response()->json([\r\n            \'success\' => true,\r\n            \'metricas\' => $metricas,\r\n            \'registro_id\' => $registro->id,\r\n        ]);\r\n\r\n    } catch (\\Exception $e) {\r\n        return response()->json([\r\n            \'success\' => false,\r\n            \'error\' => $e->getMessage(),\r\n        ]);\r\n    }\r\n}', 'El código presenta una buena funcionalidad al permitir la generación de métricas a partir de un código fuente almacenado en la sesión. La eficiencia se ve afectada por la dependencia en una API externa, lo que podría introducir latencias en la respuesta. La compatibilidad es aceptable, ya que el uso de entornos basados en variables de configuración permite adaptarse a diferentes entornos sin cambios en el código. La usabilidad es moderada, dado que la gestión de errores y los mensajes devueltos podrían ser más informativos para el usuario. La fiabilidad es alta, ya que se manejan excepciones y se asegura que el formato del JSON recibido es válido antes de proceder. En términos de seguridad, el uso de autenticación por medio de un token de API es un punto positivo, aunque se deben considerar los problemas potenciales por la exposición de las claves de ambiente. La mantenibilidad podría mejorarse si el código se dividiera en funciones más pequeñas para mejorar la legibilidad. Finalmente, la portabilidad es buena debido a la utilización de configuraciones basadas en el entorno.', 'El código presenta una buena adherencia a las métricas ISO/IEC 25010 y 25023, destacando en funcionalidad y fiabilidad, pero con oportunidades de mejora en usabilidad y mantenibilidad.', '2025-11-07 23:39:38', '2025-11-07 23:39:38');
INSERT INTO `project_metrics` (`id`, `project_id`, `lineas_analizadas`, `funcionalidad`, `eficiencia`, `compatibilidad`, `usabilidad`, `fiabilidad`, `seguridad`, `mantenibilidad`, `portabilidad`, `codigo`, `analisis`, `resumen`, `created_at`, `updated_at`) VALUES
(9, 1, 43, 85.00, 80.00, 90.00, 75.00, 85.00, 70.00, 80.00, 75.00, '<?php\r\nnamespace App\\Http\\Controllers;\r\n\r\nuse App\\Models\\Evaluation;\r\nuse App\\Models\\Project;\r\nuse App\\Http\\Requests\\EvaluationRequest;\r\nuse Illuminate\\Http\\Request;\r\nuse App\\Models\\ProjectMetric;\r\nuse GuzzleHttp\\Client;\r\nuse Barryvdh\\DomPDF\\Facade\\Pdf;\r\n\r\nclass EvaluacionController extends Controller\r\n{\r\n    public function generarReporte($project_id)\r\n{\r\n    $metricas = ProjectMetric::where(\'project_id\', $project_id)\r\n        ->latest(\'id\')\r\n        ->first();\r\n\r\n    if (!$metricas) {\r\n        return back()->with(\'error\', \'No se encontró un análisis para este proyecto.\');\r\n    }\r\n\r\n    $pdf = PDF::loadView(\'evaluacion.reporte\', [\r\n        \'codigo\' => $metricas->codigo,\r\n        \'respuesta\' => $metricas->analisis,\r\n        \'resumen\' => $metricas->resumen,\r\n        \'metricas\' => $metricas\r\n    ]);\r\n    return $pdf->stream(\'reporte_analisis_\'.$project_id.\'.pdf\');\r\n}\r\n        public function mostrarReporte($id)\r\n    {\r\n        $registro = Evaluation::findOrFail($id);\r\n\r\n        $codigo = $registro->codigo;\r\n        $analisis = $registro->analisis;\r\n        $resumen = $registro->resumen;\r\n        $metricas = json_decode($registro->metricas, true) ?? [];\r\n\r\n        return view(\'evaluacion.reporte\', compact(\'registro\', \'codigo\', \'analisis\', \'resumen\', \'metricas\'));\r\n    }\r\n}', 'El código del controlador \'EvaluacionController\' se enfoca en generar y mostrar reportes de evaluación para proyectos. En términos de funcionalidad, proporciona las características necesarias para obtener métricas específicas y generar un PDF o mostrar un reporte HTML. Sin embargo, podría beneficiarse de una validación más robusta en cuanto a los datos que recibe (por ejemplo, verificación del formato del ID del proyecto). La eficiencia se evalúa bien porque el uso de consultas Eloquent y la generación de PDFs son prácticas aceptadas en Laravel. En términos de compatibilidad, utiliza funcionalidades bien soportadas que deberían integrarse sin problemas con otros sistemas y versiones de Laravel. La usabilidad podría mejorarse con mejores mensajes de error y retroalimentación al usuario. La fiabilidad es buena, siempre que los métodos de Eloquent devuelvan los resultados esperados. La seguridad puede verse comprometedora si no se implementan medidas adecuadas para gestionar los datos de los usuarios y la validación de los mismos, especialmente en el manejo de input en las solicitudes. La mantenibilidad es adecuada gracias a la claridad del código, aunque se recomienda implementar pruebas unitarias para asegurar su funcionamiento continuado. La portabilidad es suficiente, ya que se desarrolla en un marco que facilita la migración entre entornos, aunque su dependencia de bibliotecas específicas puede limitar su flexibilidad en entornos no controlados.', 'El \'EvaluacionController\' cumple adecuadamente con los criterios funcionales y de eficiencia, pero tiene áreas de mejora en seguridad, usabilidad y portabilidad que se deben abordar para asegurar una solución más robusta y amigable para el usuario.', '2025-11-08 00:44:12', '2025-11-08 00:44:12'),
(10, 1, 54, 85.00, 80.00, 90.00, 85.00, 90.00, 75.00, 80.00, 85.00, '<?php\r\n\r\nnamespace App\\Http\\Requests;\r\n\r\nuse Illuminate\\Foundation\\Http\\FormRequest;\r\nuse Illuminate\\Validation\\Rule;\r\n\r\nclass EvaluationRequest extends FormRequest\r\n{\r\n    /**\r\n     * Determine if the user is authorized to make this request.\r\n     *\r\n     * @return bool\r\n     */\r\n    public function authorize()\r\n    {\r\n        // Ajusta la lógica de autorización si lo necesitas.\r\n        return true;\r\n    }\r\n\r\n    /**\r\n     * Get the validation rules that apply to the request.\r\n     *\r\n     * @return array<string, \\Illuminate\\Contracts\\Validation\\ValidationRule|mixed>\r\n     */\r\n    public function rules()\r\n    {\r\n        return [\r\n            \'project_id\'   => [\'required\', \'exists:projects,id\'],\r\n            \'section_key\'  => [\'required\', \'string\', \'max:255\'],\r\n            \'score\'        => [\'nullable\', \'numeric\', \'min:0\'],\r\n            \'comments\'     => [\'nullable\', \'string\'],\r\n            \'status\'       => [\'required\', Rule::in([\'pendiente\',\'completada\',\'archivada\'])],\r\n        ];\r\n    }\r\n\r\n    /**\r\n     * Custom messages for validation errors (opcional).\r\n     *\r\n     * @return array<string,string>\r\n     */\r\n    public function messages()\r\n    {\r\n        return [\r\n            \'project_id.required\'   => \'Debe seleccionar un proyecto.\',\r\n            \'project_id.exists\'     => \'El proyecto seleccionado no existe.\',\r\n            \'section_key.required\'  => \'Debe indicar la sección.\',\r\n            \'section_key.max\'       => \'La sección no puede tener más de :max caracteres.\',\r\n            \'score.numeric\'         => \'La puntuación debe ser un número.\',\r\n            \'status.required\'       => \'Debe indicar el estado de la evaluación.\',\r\n            \'status.in\'             => \'El estado seleccionado no es válido.\',\r\n        ];\r\n    }\r\n}', 'El código presenta una buena funcionalidad al definir reglas de validación concretas y personalizadas para diversas entradas, lo que contribuye a una alta funcionalidad del sistema. La eficiencia es razonable, aunque depende de la implementación de la base de datos en la que se basan las validaciones. La compatibilidad es alta, dado que utiliza un framework popular (Laravel) que facilita su integración con otros componentes. La usabilidad también es buena debido a mensajes de error claros para el usuario final. La fiabilidad es altísima ya que se garantizan las validaciones antes de procesar la solicitud, lo que reduce errores en la aplicación. La seguridad se puede mejorar, ya que no se especifican reglas para proteger contra ataques como la inyección SQL, aunque el uso de los métodos de Laravel ayuda a mitigar este riesgo. La mantenibilidad es adecuada gracias a la claridad del código y la separación de las reglas de validación. Finalmente, la portabilidad es alta dado que el código se basa en estándares de Laravel que son ampliamente utilizados.', 'El código cumple con los estándares de calidad establecidos por ISO/IEC 25010 y 25023, mostrando un alto nivel de funcionalidad, usabilidad, fiabilidad y compatibilidad, aunque hay áreas de mejora en seguridad.', '2025-11-08 01:05:15', '2025-11-08 01:05:15'),
(11, 1, 54, 85.00, 90.00, 95.00, 80.00, 90.00, 80.00, 85.00, 80.00, '<?php\r\n\r\nnamespace App\\Http\\Requests;\r\n\r\nuse Illuminate\\Foundation\\Http\\FormRequest;\r\nuse Illuminate\\Validation\\Rule;\r\n\r\nclass EvaluationRequest extends FormRequest\r\n{\r\n    /**\r\n     * Determine if the user is authorized to make this request.\r\n     *\r\n     * @return bool\r\n     */\r\n    public function authorize()\r\n    {\r\n        // Ajusta la lógica de autorización si lo necesitas.\r\n        return true;\r\n    }\r\n\r\n    /**\r\n     * Get the validation rules that apply to the request.\r\n     *\r\n     * @return array<string, \\Illuminate\\Contracts\\Validation\\ValidationRule|mixed>\r\n     */\r\n    public function rules()\r\n    {\r\n        return [\r\n            \'project_id\'   => [\'required\', \'exists:projects,id\'],\r\n            \'section_key\'  => [\'required\', \'string\', \'max:255\'],\r\n            \'score\'        => [\'nullable\', \'numeric\', \'min:0\'],\r\n            \'comments\'     => [\'nullable\', \'string\'],\r\n            \'status\'       => [\'required\', Rule::in([\'pendiente\',\'completada\',\'archivada\'])],\r\n        ];\r\n    }\r\n\r\n    /**\r\n     * Custom messages for validation errors (opcional).\r\n     *\r\n     * @return array<string,string>\r\n     */\r\n    public function messages()\r\n    {\r\n        return [\r\n            \'project_id.required\'   => \'Debe seleccionar un proyecto.\',\r\n            \'project_id.exists\'     => \'El proyecto seleccionado no existe.\',\r\n            \'section_key.required\'  => \'Debe indicar la sección.\',\r\n            \'section_key.max\'       => \'La sección no puede tener más de :max caracteres.\',\r\n            \'score.numeric\'         => \'La puntuación debe ser un número.\',\r\n            \'status.required\'       => \'Debe indicar el estado de la evaluación.\',\r\n            \'status.in\'             => \'El estado seleccionado no es válido.\',\r\n        ];\r\n    }\r\n}', 'El código evaluado es un formulario de solicitud en PHP que utiliza el framework Laravel. En términos de funcionalidad, cumple con la validación adecuada de entradas y restricciones necesarias, lo que permite una buena cobertura de casos de uso esperados. La eficiencia es alta, ya que las validaciones son directas y no se observa carga innecesaria. La compatibilidad es excelente debido a la naturaleza del framework y su amplia adopción. La usabilidad es buena, pero podría mejorar proporcionando mensajes de error más amigables. La fiabilidad es alta gracias a las validaciones establecidas, que evitan entradas no deseadas. Sin embargo, hay un área de mejora en seguridad, ya que aunque utiliza validaciones, la inclusión de medidas de protección adicionales (como CSRF) no se muestra aquí. La mantenibilidad es favorable, ya que el uso de métodos claros y bien definidos permite una fácil modificación. Finalmente, la portabilidad es aceptable, dado que sigue estándares de programación comunes, aunque depende de la configuración del entorno de Laravel para una implementación adecuada.', 'El código presenta una alta funcionalidad y eficiencia, con una buena compatibilidad y fiabilidad, aunque puede mejorar en usabilidad y seguridad.', '2025-11-08 01:06:50', '2025-11-08 01:06:50'),
(12, 1, 145, 90.00, 85.00, 80.00, 75.00, 90.00, 80.00, 85.00, 70.00, '<?php\r\nnamespace App\\Http\\Controllers;\r\n\r\nuse App\\Models\\Evaluation;\r\nuse App\\Models\\Project;\r\nuse App\\Http\\Requests\\EvaluationRequest;\r\nuse Illuminate\\Http\\Request;\r\nuse App\\Models\\ProjectMetric;\r\nuse GuzzleHttp\\Client;\r\nuse Barryvdh\\DomPDF\\Facade\\Pdf;\r\n\r\nclass EvaluationController extends Controller\r\n{\r\n    /**\r\n     * Mostrar listado de evaluaciones.\r\n     */\r\n    public function index()\r\n    {\r\n        $evaluations = Evaluation::with(\'project\')->paginate(10);\r\n        return view(\'evaluations.index\', compact(\'evaluations\'));\r\n    }\r\n\r\n    /**\r\n     * Mostrar formulario para crear una nueva evaluación.\r\n     */\r\n    public function create()\r\n    {\r\n        $projects = Project::pluck(\'name\', \'id\');\r\n        return view(\'evaluations.create\', compact(\'projects\'));\r\n    }\r\n\r\n    /**\r\n     * Almacenar una nueva evaluación en la base de datos.\r\n     */\r\n    public function store(EvaluationRequest $request)\r\n    {\r\n        $data = $request->validated();\r\n        Evaluation::create($data);\r\n\r\n        return redirect()->route(\'evaluations.index\')\r\n                         ->with(\'success\', \'Evaluación creada correctamente.\');\r\n    }\r\n\r\n    /**\r\n     * Mostrar una evaluación específica.\r\n     */\r\n    public function viewById(Request $request)\r\n{\r\n    $id = $request->query(\'id\');\r\n\r\n    if (empty($id) || !is_numeric($id)) {\r\n        return redirect()->back()->withErrors([\'id\' => \'Por favor ingresa un ID de reporte válido.\']);\r\n    }\r\n    // Reutilizamos el método show (evita duplicar lógica)\r\n    return $this->show($id);\r\n}\r\npublic function show($id)\r\n{\r\n    // Buscar registro en project_metrics (o el modelo que uses)\r\n    $registro = ProjectMetric::find($id);\r\n\r\n    if (!$registro) {\r\n        return redirect()->back()->withErrors([\'error\' => \"No se encontró el reporte con ID {$id}\"]);\r\n    }\r\n\r\n    $metricas = [\r\n        \'Funcionalidad\' => $registro->funcionalidad,\r\n        \'Eficiencia\' => $registro->eficiencia,\r\n        \'Compatibilidad\' => $registro->compatibilidad,\r\n        \'Usabilidad\' => $registro->usabilidad,\r\n        \'Fiabilidad\' => $registro->fiabilidad,\r\n        \'Seguridad\' => $registro->seguridad,\r\n        \'Mantenibilidad\' => $registro->mantenibilidad,\r\n        \'Portabilidad\' => $registro->portabilidad,\r\n    ];\r\n\r\n    return view(\'evaluations.show\', compact(\'registro\', \'metricas\'));\r\n}\r\n    /**\r\n     * Mostrar formulario para editar una evaluación existente.\r\n     */\r\n    public function edit(Evaluation $evaluation)\r\n    {\r\n        $projects = Project::pluck(\'name\', \'id\');\r\n        return view(\'evaluations.edit\', compact(\'evaluation\', \'projects\'));\r\n    }\r\n\r\n    /**\r\n     * Actualizar una evaluación en la base de datos.\r\n     */\r\n    public function update(EvaluationRequest $request, Evaluation $evaluation)\r\n    {\r\n        $data = $request->validated();\r\n        $evaluation->update($data);\r\n\r\n        return redirect()->route(\'evaluations.index\')\r\n                         ->with(\'success\', \'Evaluación actualizada correctamente.\');\r\n    }\r\n\r\n    /**\r\n     * Eliminar una evaluación.\r\n     */\r\n    public function destroy(Evaluation $evaluation)\r\n    {\r\n        $evaluation->delete();\r\n\r\n        return redirect()->route(\'evaluations.index\')\r\n                         ->with(\'success\', \'Evaluación eliminada correctamente.\');\r\n    }\r\n\r\npublic function generarPDF($id)\r\n{\r\n    // Buscar el registro por ID en project_metrics\r\n    $registro = \\App\\Models\\ProjectMetric::findOrFail($id);\r\n\r\n    // Asignar datos con valores por defecto\r\n    $codigo = $registro->codigo ?? \'No disponible\';\r\n    $analisis = $registro->analisis ?? \'Sin análisis disponible\';\r\n    $resumen = $registro->resumen ?? \'Sin resumen disponible\';\r\n    // Armar arreglo de métricas ISO/IEC 25023\r\n    $metricas = (object) [\r\n        \'funcionalidad\' => $registro->funcionalidad ?? 0,\r\n        \'eficiencia\' => $registro->eficiencia ?? 0,\r\n        \'compatibilidad\' => $registro->compatibilidad ?? 0,\r\n        \'usabilidad\' => $registro->usabilidad ?? 0,\r\n        \'fiabilidad\' => $registro->fiabilidad ?? 0,\r\n        \'seguridad\' => $registro->seguridad ?? 0,\r\n        \'mantenibilidad\' => $registro->mantenibilidad ?? 0,\r\n        \'portabilidad\' => $registro->portabilidad ?? 0,\r\n        \'lineas_analizadas\' => $registro->lineas_analizadas ?? 0,\r\n    ];\r\n    // Cargar vista con los datos\r\n    $pdf = \\Barryvdh\\DomPDF\\Facade\\Pdf::loadView(\'evaluacion.reporte\', compact(\r\n        \'registro\',\r\n        \'codigo\',\r\n        \'analisis\',\r\n        \'resumen\',\r\n        \'metricas\'\r\n    ));\r\n    // Configurar opciones del PDF\r\n    $pdf->setPaper(\'A4\', \'portrait\');\r\n    // Retornar el archivo directamente al navegador (stream)\r\n    return $pdf->stream(\"reporte_evaluacion_{$registro->id}.pdf\");\r\n}\r\n}', '```json\n{\n  \"funcionalidad\": 90,\n  \"eficiencia\": 85,\n  \"compatibilidad\": 80,\n  \"usabilidad\": 75,\n  \"fiabilidad\": 90,\n  \"seguridad\": 80,\n  \"mantenibilidad\": 85,\n  \"portabilidad\": 70,\n  \"analisis\": \"El código presenta una buena implementación de las operaciones CRUD (crear, leer, actualizar y eliminar) relacionadas con las evaluaciones, lo que permite una funcionalidad alta en términos de requisitos del negocio. La eficiencia es buena gracias a la paginación en el listado de evaluaciones. Se utiliza la validación de datos mediante \'EvaluationRequest\', lo que mejora la fiabilidad y seguridad al manejar las entradas del usuario. Sin embargo, la usabilidad podría verse afectada ligeramente si no se implementan mensajes de éxito o error más claros en las vistas. La mantenibilidad es adecuada, ya que se reutilizan algunos métodos para evitar la duplicación de lógica, pero sería útil documentar mejor funciones específicas. La portabilidad es moderada, ya que dependerá de las configuraciones del entorno, como el uso de Guzzle y DomPDF, aunque son comunes en el contexto de PHP/Laravel.\",\n  \"resumen\": \"El código está bien estructurado y cumple con diversos aspectos de calidad según las normas ISO/IEC 25010 y 25023, aunque hay oportunidades de mejora en la usabilidad y portabilidad.\"\n}\n```', 'Análisis generado sin formato JSON válido.', '2025-11-08 02:04:43', '2025-11-08 02:08:18'),
(13, 1, 55, 85.00, 80.00, 90.00, 75.00, 80.00, 85.00, 70.00, 80.00, '<?php\r\n\r\nnamespace App\\Http\\Controllers\\Auth;\r\n\r\nuse App\\Http\\Controllers\\Controller;\r\nuse Illuminate\\Http\\Request;\r\nuse Illuminate\\Support\\Facades\\Auth;\r\n\r\nclass LoginController extends Controller\r\n{\r\n    /**\r\n     * Muestra el formulario de inicio de sesión.\r\n     *\r\n     * @return \\Illuminate\\View\\View\r\n     */\r\n    public function showLoginForm()\r\n    {\r\n        return view(\'auth.login\');\r\n    }\r\n\r\n    /**\r\n     * Maneja la autenticación de los usuarios.\r\n     *\r\n     * @param  \\Illuminate\\Http\\Request  $request\r\n     * @return \\Illuminate\\Http\\RedirectResponse\r\n     */\r\n    public function login(Request $request)\r\n    {\r\n        $credentials = $request->only(\'email\', \'password\');\r\n\r\n        if (Auth::attempt($credentials)) {\r\n            $request->session()->regenerate();\r\n            return redirect()->intended(route(\'home\'));\r\n        }\r\n\r\n        return back()->withErrors([\r\n            \'email\' => \'Las credenciales no coinciden con nuestros registros.\',\r\n        ]);\r\n    }\r\n\r\n    /**\r\n     * Cierra la sesión del usuario.\r\n     *\r\n     * @return \\Illuminate\\Http\\RedirectResponse\r\n     */\r\n        public function logout(Request $request)\r\n    {\r\n        Auth::logout();\r\n\r\n        $request->session()->invalidate();\r\n        $request->session()->regenerate();\r\n\r\n        return redirect()->route(\'welcome\');\r\n    }\r\n}', 'El código presenta una estructura clara y bien organizada, utilizando el framework Laravel que sigue buenas prácticas en diseño de controladores. La funcionalidad principal está bien implementada, permitiendo el inicio de sesión y la cerradura de sesión de usuarios. La autenticación es manejada adecuadamente con \'Auth::attempt()\' y se proporciona retroalimentación clara al usuario en caso de error. Sin embargo, se podría mejorar la usabilidad ofreciendo un mecanismo de recuperación de contraseña o de confirmación si el usuario no tiene una cuenta. La eficiencia es adecuada dado que el código no contiene lógica innecesaria, pero se podría optimizar aún más. Las medidas de seguridad actual son fuertes, pero siempre se recomienda revisar la implementación de la protección contra ataques como el CSRF y XSS. La mantenibilidad tiene un puntaje un poco más bajo debido a la falta de comentarios y documentación adicional en métodos más complejos, lo que podría dificultar las futuras modificaciones y el entendimiento del código por otros desarrolladores. En cuanto a la portabilidad, es buena dado que se utiliza Laravel, el cual es ampliamente aceptado y utilizado en múltiples entornos.', 'El código de LoginController es robusto y funcional, con buena seguridad y compatibilidad, pero presenta oportunidades de mejora en usabilidad y mantenibilidad.', '2025-11-08 02:08:56', '2025-11-08 02:08:56'),
(14, 1, 118, 90.00, 85.00, 75.00, 88.00, 80.00, 70.00, 85.00, 80.00, '/**  nuevos estilos  **/\r\n:root {\r\n  --card-bg-default: #ffffff;\r\n  --card-bg-hover: #0c92eb;\r\n  --card-bg-hover-accent: #f8fc08;\r\n  --card-text-default: #333333;\r\n  --card-text-hover: #ffffff;\r\n}\r\n\r\n/* Contenedor principal adaptado para espacio del sidebar */\r\n.content-grid {\r\n  display: grid;\r\n  grid-template-columns: repeat(auto-fit, minmax(300px, 320px)); /* ✅ Tamaño fijo uniforme */\r\n  gap: 1.5rem;\r\n  justify-content: center;\r\n  align-items: start;\r\n  width: calc(100% - 250px);\r\n  margin-left: 250px;\r\n  padding: 1rem 2rem;\r\n  box-sizing: border-box;\r\n  counter-reset: tool-card 0;\r\n}\r\n\r\n/* Cada tarjeta como <dl> */\r\ndl.card.modern {\r\n  counter-increment: tool-card 1;\r\n  background: var(--card-bg-default);\r\n  border-radius: 1rem;\r\n  box-shadow: 0 10px 25px rgba(0, 0, 0, 0.12);\r\n  transition: transform 0.3s ease, box-shadow 0.3s ease, background 0.3s ease;\r\n  cursor: pointer;\r\n  color: var(--card-text-default);\r\n  position: relative;\r\n  padding: 2rem 1.5rem;\r\n  display: flex;\r\n  flex-direction: column;\r\n  justify-content: space-between;\r\n  text-align: center;\r\n  width: 320px;   /* ✅ Ancho fijo */\r\n  height: 320px;  /* ✅ Altura fija */\r\n  box-sizing: border-box;\r\n  overflow: hidden; /* Evita desbordes por texto largo */\r\n}\r\n\r\n/* Numeración decorativa */\r\ndl.card.modern::before {\r\n  content: counter(tool-card);\r\n  font-size: 6rem;\r\n  font-weight: bold;\r\n  color: rgba(0, 0, 0, 0.05);\r\n  position: absolute;\r\n  top: 1rem;\r\n  left: 1rem;\r\n  transition: transform 0.3s ease, color 0.3s ease;\r\n  z-index: 0;\r\n}\r\n\r\ndl.card.modern:hover::before {\r\n  transform: translate(8px, 8px) scale(1.8);\r\n  color: rgba(0, 0, 0, 0.1);\r\n}\r\n\r\ndl.card.modern:hover {\r\n  transform: scale(1.05);\r\n  box-shadow: 0 14px 35px rgba(0, 0, 0, 0.18);\r\n  background: linear-gradient(135deg, var(--card-bg-hover) 0%, var(--card-bg-hover-accent) 100%);\r\n  color: var(--card-text-hover);\r\n}\r\n\r\n/* Títulos y textos dentro de la tarjeta */\r\ndl.card.modern dt {\r\n  font-size: 1.5rem;\r\n  font-weight: bold;\r\n  margin-bottom: 0.75rem;\r\n  z-index: 1;\r\n  transition: transform 0.3s ease, color 0.3s ease;\r\n}\r\n\r\ndl.card.modern dd {\r\n  font-size: 1rem;\r\n  color: inherit;\r\n  margin-bottom: 1.5rem;\r\n  z-index: 1;\r\n  flex-grow: 1;\r\n  transition: transform 0.3s ease, color 0.3s ease;\r\n}\r\n\r\n/* ✅ Efecto de escala en dt y dd al hacer hover */\r\ndl.card.modern:hover dt,\r\ndl.card.modern:hover dd {\r\n  transform: scale(1.15);\r\n  color: #fff;\r\n}\r\n\r\n/* Botones */\r\ndl.card.modern .btn {\r\n  transition: background-color 0.3s ease, color 0.3s ease;\r\n  z-index: 1;\r\n}\r\n\r\ndl.card.modern:hover .btn {\r\n  background-color: #ffffff;\r\n  color: var(--card-bg-hover);\r\n}\r\n\r\n/* Responsive */\r\n@media (max-width: 767px) {\r\n  .content-grid {\r\n    grid-template-columns: 1fr;\r\n    margin-left: 0;\r\n    width: 100%;\r\n  }\r\n\r\n  dl.card.modern {\r\n    width: 100%;\r\n    height: 280px;\r\n  }\r\n}', 'El código cumple con un alto nivel de funcionalidad al proporcionar estilos dinámicos y responsivos. Se utilizan variables CSS para una mejor gestión del diseño, lo que facilita cambios futuros en los colores. La eficiencia es alta, ya que se aprovechan propiedades CSS modernas como grid y flexbox para optimizar la distribucion de los elementos. Sin embargo, la compatibilidad puede verse afectada en navegadores más antiguos que no cuentan con soporte completo para estas tecnologías. La usabilidad es elevada debido al diseño intuitivo de las tarjetas, pero el uso de efectos visuales puede requerir pruebas adicionales para asegurar que no afecten a usuarios con discapacidades visuales. La fiabilidad es buena, pero es necesario realizar pruebas para asegurar que los efectos de hover no interfieran con el uso general. La seguridad se refiere principalmente a la información manipulada por el frontend, donde se podría incluir validaciones adicionales en el lado del servidor para proteger la información. La mantenibilidad es alta gracias al uso de CSS moderno y bien estructurado. La portabilidad es razonable; se puede integrar en diversos entornos que soporten HTML y CSS modernos.', 'El código CSS evaluado muestra un diseño bien estructurado y funcional, adecuado para aplicaciones modernas, aunque con consideraciones de compatibilidad y seguridad que deben ser atendidas.', '2025-11-08 02:38:59', '2025-11-08 02:38:59');

-- --------------------------------------------------------

--
-- Estructura de tabla para la tabla `roles`
--

CREATE TABLE `roles` (
  `id` bigint(20) UNSIGNED NOT NULL,
  `name` varchar(255) NOT NULL,
  `guard_name` varchar(255) NOT NULL,
  `created_at` timestamp NULL DEFAULT NULL,
  `updated_at` timestamp NULL DEFAULT NULL
) ENGINE=InnoDB DEFAULT CHARSET=utf8mb4 COLLATE=utf8mb4_unicode_ci;

-- --------------------------------------------------------

--
-- Estructura de tabla para la tabla `role_has_permissions`
--

CREATE TABLE `role_has_permissions` (
  `permission_id` bigint(20) UNSIGNED NOT NULL,
  `role_id` bigint(20) UNSIGNED NOT NULL
) ENGINE=InnoDB DEFAULT CHARSET=utf8mb4 COLLATE=utf8mb4_unicode_ci;

-- --------------------------------------------------------

--
-- Estructura de tabla para la tabla `sessions`
--

CREATE TABLE `sessions` (
  `id` varchar(255) NOT NULL,
  `user_id` bigint(20) UNSIGNED DEFAULT NULL,
  `ip_address` varchar(45) DEFAULT NULL,
  `user_agent` text DEFAULT NULL,
  `payload` longtext NOT NULL,
  `last_activity` int(11) NOT NULL
) ENGINE=InnoDB DEFAULT CHARSET=utf8mb4 COLLATE=utf8mb4_unicode_ci;

--
-- Volcado de datos para la tabla `sessions`
--

INSERT INTO `sessions` (`id`, `user_id`, `ip_address`, `user_agent`, `payload`, `last_activity`) VALUES
('RHg1js32g3ZrGNEP8NYFfxcN2wMDhfrrO1tQOapK', NULL, '127.0.0.1', 'Mozilla/5.0 (Windows NT 10.0; Win64; x64) AppleWebKit/537.36 (KHTML, like Gecko) Chrome/142.0.0.0 Safari/537.36 Edg/142.0.0.0', 'YTozOntzOjY6Il90b2tlbiI7czo0MDoiVW9pbWdoelVraTJKVE0yNHoySVp3SUJJZ0FkWEJkU1BtNTdyVUxqQSI7czo2OiJfZmxhc2giO2E6Mjp7czozOiJvbGQiO2E6MDp7fXM6MzoibmV3IjthOjA6e319czo5OiJfcHJldmlvdXMiO2E6Mjp7czozOiJ1cmwiO3M6MjE6Imh0dHA6Ly8xMjcuMC4wLjE6ODAwMCI7czo1OiJyb3V0ZSI7czo3OiJ3ZWxjb21lIjt9fQ==', 1762640362);

-- --------------------------------------------------------

--
-- Estructura de tabla para la tabla `users`
--

CREATE TABLE `users` (
  `id` bigint(20) UNSIGNED NOT NULL,
  `name` varchar(255) NOT NULL,
  `email` varchar(255) NOT NULL,
  `email_verified_at` timestamp NULL DEFAULT NULL,
  `password` varchar(255) NOT NULL,
  `remember_token` varchar(100) DEFAULT NULL,
  `created_at` timestamp NULL DEFAULT NULL,
  `updated_at` timestamp NULL DEFAULT NULL
) ENGINE=InnoDB DEFAULT CHARSET=utf8mb4 COLLATE=utf8mb4_unicode_ci;

--
-- Volcado de datos para la tabla `users`
--

INSERT INTO `users` (`id`, `name`, `email`, `email_verified_at`, `password`, `remember_token`, `created_at`, `updated_at`) VALUES
(1, 'Administrador', 'admin@example.com', NULL, '$2y$12$VfYhkkX9ItlQSTG87EUkn.nQ3iVr9mwfx.JN1IiNAkx6QoN.VDPWO', NULL, '2025-10-29 00:05:39', '2025-10-29 00:05:39'),
(2, 'Test User', 'test@example.com', '2025-10-29 00:05:41', '$2y$12$bkYE8Ezj8Son0bKLr3xc4eIGJIrDms2i4sDDNzJaRRXgu2rPyO37O', 'AMeNmP1uhD', '2025-10-29 00:05:41', '2025-10-29 00:05:41'),
(3, 'Wilber Hernandez', 'calidad@cun.com', NULL, '$2y$12$VfYhkkX9ItlQSTG87EUkn.nQ3iVr9mwfx.JN1IiNAkx6QoN.VDPWO', NULL, '2025-10-31 19:32:07', '2025-10-31 19:32:07');

--
-- Índices para tablas volcadas
--

--
-- Indices de la tabla `cache`
--
ALTER TABLE `cache`
  ADD PRIMARY KEY (`key`);

--
-- Indices de la tabla `cache_locks`
--
ALTER TABLE `cache_locks`
  ADD PRIMARY KEY (`key`);

--
-- Indices de la tabla `chat_histories`
--
ALTER TABLE `chat_histories`
  ADD PRIMARY KEY (`id`),
  ADD KEY `chat_histories_session_id_index` (`session_id`);

--
-- Indices de la tabla `code_analyses`
--
ALTER TABLE `code_analyses`
  ADD PRIMARY KEY (`id`),
  ADD KEY `evaluaciones_user_id_foreign` (`user_id`);

--
-- Indices de la tabla `evaluations`
--
ALTER TABLE `evaluations`
  ADD PRIMARY KEY (`id`),
  ADD KEY `evaluations_project_id_foreign` (`project_id`);

--
-- Indices de la tabla `failed_jobs`
--
ALTER TABLE `failed_jobs`
  ADD PRIMARY KEY (`id`),
  ADD UNIQUE KEY `failed_jobs_uuid_unique` (`uuid`);

--
-- Indices de la tabla `jobs`
--
ALTER TABLE `jobs`
  ADD PRIMARY KEY (`id`),
  ADD KEY `jobs_queue_index` (`queue`);

--
-- Indices de la tabla `job_batches`
--
ALTER TABLE `job_batches`
  ADD PRIMARY KEY (`id`);

--
-- Indices de la tabla `migrations`
--
ALTER TABLE `migrations`
  ADD PRIMARY KEY (`id`);

--
-- Indices de la tabla `model_has_permissions`
--
ALTER TABLE `model_has_permissions`
  ADD PRIMARY KEY (`permission_id`,`model_id`,`model_type`),
  ADD KEY `model_has_permissions_model_id_model_type_index` (`model_id`,`model_type`);

--
-- Indices de la tabla `model_has_roles`
--
ALTER TABLE `model_has_roles`
  ADD PRIMARY KEY (`role_id`,`model_id`,`model_type`),
  ADD KEY `model_has_roles_model_id_model_type_index` (`model_id`,`model_type`);

--
-- Indices de la tabla `password_reset_tokens`
--
ALTER TABLE `password_reset_tokens`
  ADD PRIMARY KEY (`email`);

--
-- Indices de la tabla `permissions`
--
ALTER TABLE `permissions`
  ADD PRIMARY KEY (`id`),
  ADD UNIQUE KEY `permissions_name_guard_name_unique` (`name`,`guard_name`);

--
-- Indices de la tabla `projects`
--
ALTER TABLE `projects`
  ADD PRIMARY KEY (`id`),
  ADD KEY `fk_projects_user` (`user_id`);

--
-- Indices de la tabla `project_covers`
--
ALTER TABLE `project_covers`
  ADD PRIMARY KEY (`id`),
  ADD KEY `project_id` (`project_id`);

--
-- Indices de la tabla `project_documents`
--
ALTER TABLE `project_documents`
  ADD PRIMARY KEY (`id`),
  ADD KEY `project_documents_project_id_foreign` (`project_id`);

--
-- Indices de la tabla `project_metrics`
--
ALTER TABLE `project_metrics`
  ADD PRIMARY KEY (`id`),
  ADD KEY `project_id` (`project_id`);

--
-- Indices de la tabla `roles`
--
ALTER TABLE `roles`
  ADD PRIMARY KEY (`id`),
  ADD UNIQUE KEY `roles_name_guard_name_unique` (`name`,`guard_name`);

--
-- Indices de la tabla `role_has_permissions`
--
ALTER TABLE `role_has_permissions`
  ADD PRIMARY KEY (`permission_id`,`role_id`),
  ADD KEY `role_has_permissions_role_id_foreign` (`role_id`);

--
-- Indices de la tabla `sessions`
--
ALTER TABLE `sessions`
  ADD PRIMARY KEY (`id`),
  ADD KEY `sessions_user_id_index` (`user_id`),
  ADD KEY `sessions_last_activity_index` (`last_activity`);

--
-- Indices de la tabla `users`
--
ALTER TABLE `users`
  ADD PRIMARY KEY (`id`),
  ADD UNIQUE KEY `users_email_unique` (`email`);

--
-- AUTO_INCREMENT de las tablas volcadas
--

--
-- AUTO_INCREMENT de la tabla `chat_histories`
--
ALTER TABLE `chat_histories`
  MODIFY `id` bigint(20) UNSIGNED NOT NULL AUTO_INCREMENT, AUTO_INCREMENT=19;

--
-- AUTO_INCREMENT de la tabla `code_analyses`
--
ALTER TABLE `code_analyses`
  MODIFY `id` bigint(20) UNSIGNED NOT NULL AUTO_INCREMENT;

--
-- AUTO_INCREMENT de la tabla `evaluations`
--
ALTER TABLE `evaluations`
  MODIFY `id` bigint(20) UNSIGNED NOT NULL AUTO_INCREMENT;

--
-- AUTO_INCREMENT de la tabla `failed_jobs`
--
ALTER TABLE `failed_jobs`
  MODIFY `id` bigint(20) UNSIGNED NOT NULL AUTO_INCREMENT;

--
-- AUTO_INCREMENT de la tabla `jobs`
--
ALTER TABLE `jobs`
  MODIFY `id` bigint(20) UNSIGNED NOT NULL AUTO_INCREMENT;

--
-- AUTO_INCREMENT de la tabla `migrations`
--
ALTER TABLE `migrations`
  MODIFY `id` int(10) UNSIGNED NOT NULL AUTO_INCREMENT, AUTO_INCREMENT=10;

--
-- AUTO_INCREMENT de la tabla `permissions`
--
ALTER TABLE `permissions`
  MODIFY `id` bigint(20) UNSIGNED NOT NULL AUTO_INCREMENT;

--
-- AUTO_INCREMENT de la tabla `projects`
--
ALTER TABLE `projects`
  MODIFY `id` bigint(20) UNSIGNED NOT NULL AUTO_INCREMENT, AUTO_INCREMENT=3;

--
-- AUTO_INCREMENT de la tabla `project_covers`
--
ALTER TABLE `project_covers`
  MODIFY `id` bigint(20) UNSIGNED NOT NULL AUTO_INCREMENT, AUTO_INCREMENT=2;

--
-- AUTO_INCREMENT de la tabla `project_documents`
--
ALTER TABLE `project_documents`
  MODIFY `id` bigint(20) UNSIGNED NOT NULL AUTO_INCREMENT, AUTO_INCREMENT=17;

--
-- AUTO_INCREMENT de la tabla `project_metrics`
--
ALTER TABLE `project_metrics`
  MODIFY `id` bigint(20) UNSIGNED NOT NULL AUTO_INCREMENT, AUTO_INCREMENT=15;

--
-- AUTO_INCREMENT de la tabla `roles`
--
ALTER TABLE `roles`
  MODIFY `id` bigint(20) UNSIGNED NOT NULL AUTO_INCREMENT;

--
-- AUTO_INCREMENT de la tabla `users`
--
ALTER TABLE `users`
  MODIFY `id` bigint(20) UNSIGNED NOT NULL AUTO_INCREMENT, AUTO_INCREMENT=4;

--
-- Restricciones para tablas volcadas
--

--
-- Filtros para la tabla `code_analyses`
--
ALTER TABLE `code_analyses`
  ADD CONSTRAINT `evaluaciones_user_id_foreign` FOREIGN KEY (`user_id`) REFERENCES `users` (`id`) ON DELETE SET NULL;

--
-- Filtros para la tabla `evaluations`
--
ALTER TABLE `evaluations`
  ADD CONSTRAINT `evaluations_project_id_foreign` FOREIGN KEY (`project_id`) REFERENCES `projects` (`id`) ON DELETE CASCADE;

--
-- Filtros para la tabla `model_has_permissions`
--
ALTER TABLE `model_has_permissions`
  ADD CONSTRAINT `model_has_permissions_permission_id_foreign` FOREIGN KEY (`permission_id`) REFERENCES `permissions` (`id`) ON DELETE CASCADE;

--
-- Filtros para la tabla `model_has_roles`
--
ALTER TABLE `model_has_roles`
  ADD CONSTRAINT `model_has_roles_role_id_foreign` FOREIGN KEY (`role_id`) REFERENCES `roles` (`id`) ON DELETE CASCADE;

--
-- Filtros para la tabla `projects`
--
ALTER TABLE `projects`
  ADD CONSTRAINT `fk_projects_user` FOREIGN KEY (`user_id`) REFERENCES `users` (`id`) ON DELETE CASCADE;

--
-- Filtros para la tabla `project_covers`
--
ALTER TABLE `project_covers`
  ADD CONSTRAINT `project_covers_ibfk_1` FOREIGN KEY (`project_id`) REFERENCES `projects` (`id`) ON DELETE CASCADE;

--
-- Filtros para la tabla `project_documents`
--
ALTER TABLE `project_documents`
  ADD CONSTRAINT `project_documents_project_id_foreign` FOREIGN KEY (`project_id`) REFERENCES `projects` (`id`) ON DELETE CASCADE;

--
-- Filtros para la tabla `project_metrics`
--
ALTER TABLE `project_metrics`
  ADD CONSTRAINT `project_metrics_ibfk_1` FOREIGN KEY (`project_id`) REFERENCES `projects` (`id`) ON DELETE CASCADE;

--
-- Filtros para la tabla `role_has_permissions`
--
ALTER TABLE `role_has_permissions`
  ADD CONSTRAINT `role_has_permissions_permission_id_foreign` FOREIGN KEY (`permission_id`) REFERENCES `permissions` (`id`) ON DELETE CASCADE,
  ADD CONSTRAINT `role_has_permissions_role_id_foreign` FOREIGN KEY (`role_id`) REFERENCES `roles` (`id`) ON DELETE CASCADE;
COMMIT;

/*!40101 SET CHARACTER_SET_CLIENT=@OLD_CHARACTER_SET_CLIENT */;
/*!40101 SET CHARACTER_SET_RESULTS=@OLD_CHARACTER_SET_RESULTS */;
/*!40101 SET COLLATION_CONNECTION=@OLD_COLLATION_CONNECTION */;
